variant,seed,fold,task,rmse,mae,contaminated
hard,1,0,A,8.31991459001147,5.177935451492831,False
hard,1,0,B,6.015730511314479,5.552558875197644,False
hard,1,1,A,8.034888783630862,5.105166359761775,False
hard,1,1,B,4.76072895140046,3.6992658208908984,False
hard,1,2,A,7.676334973356306,4.825349323233105,False
hard,1,2,B,4.30519402522794,2.7019406512966215,False
hard,1,3,A,7.465417295163054,4.740849315560097,False
hard,1,3,B,3.3426864826636686,2.6075145028723505,False
hard,1,4,A,7.021298269981925,4.442441702674493,False
hard,1,4,B,5.764671633091352,5.108158677335694,False
hard,1,5,A,6.544865081348028,4.128586427819649,False
hard,1,5,B,5.934523165071854,5.453861673586879,False
hard,1,6,A,6.525132010722041,4.156555626970681,False
hard,1,6,B,7.542594326780417,7.207788118881053,False
hard,1,7,A,6.4158949292453045,4.173655896127564,False
hard,1,7,B,7.353384678430881,7.0249362827392,False
hard,1,8,A,6.6018152903358,4.341594046378505,False
hard,1,8,B,6.319906027138265,5.978217091846305,False
hard,1,9,A,6.46475073549267,4.353917973914666,False
hard,1,9,B,4.340292693093661,3.914255686707551,False
hard,1,10,A,6.4318449242318545,4.400932505820386,False
hard,1,10,B,4.975934395073206,4.306441143933645,False
hard,1,11,A,6.266976023178082,4.298838072689262,False
hard,1,11,B,4.40416397722551,4.064425224564515,False
hard,1,12,A,6.206103559815649,4.276172629980481,False
hard,1,12,B,4.212351439883671,3.5192552266991255,False
hard,1,13,A,6.017137392569318,4.1984220831448695,False
hard,1,13,B,4.081241974696873,3.469037925350233,False
hard,1,14,A,5.940733168701614,4.128834094999615,False
hard,1,14,B,3.114046148330944,2.4072357385745136,False
hard,1,15,A,5.919315331243633,4.0692351379116145,False
hard,1,15,B,5.222841995800473,4.900837990302996,False
hard,1,16,A,5.7076749190846705,3.9169543212728963,True
hard,1,16,B,5.723745904579161,5.469617109835713,True
hard,1,17,A,5.710652108620864,3.928713403855553,False
hard,1,17,B,4.617973892518873,4.078556848447984,False
hard_cal_only,1,0,A,8.424486433789937,5.3036070132667055,False
hard_cal_only,1,0,B,6.404220762263388,5.9109630829629864,False
hard_cal_only,1,1,A,8.134577721570869,5.113148279941172,False
hard_cal_only,1,1,B,4.795065081678133,3.675762857635442,False
hard_cal_only,1,2,A,7.626746554135827,4.743484362931604,False
hard_cal_only,1,2,B,4.136103457110055,2.5698511678678275,False
hard_cal_only,1,3,A,7.485792566106702,4.710827162575886,False
hard_cal_only,1,3,B,3.09758030232728,2.3353301152830688,False
hard_cal_only,1,4,A,7.088875131989901,4.462479842125243,False
hard_cal_only,1,4,B,5.721662135342518,5.033766746596659,False
hard_cal_only,1,5,A,6.4476034066514964,4.062106560283206,False
hard_cal_only,1,5,B,5.867217013153836,5.412329607612401,False
hard_cal_only,1,6,A,6.533097699452024,4.069750501917169,False
hard_cal_only,1,6,B,7.169572540922094,6.780550927256304,False
hard_cal_only,1,7,A,6.2810536025271615,4.101020251151178,False
hard_cal_only,1,7,B,7.429646987939699,7.101915153556652,False
hard_cal_only,1,8,A,6.6693933457284675,4.251782848540914,False
hard_cal_only,1,8,B,5.705891451712197,5.332471510225938,False
hard_cal_only,1,9,A,6.437522208859245,4.2394270200736,False
hard_cal_only,1,9,B,3.8596727381168368,3.4608650553385374,False
hard_cal_only,1,10,A,6.461860552535603,4.303911293057152,False
hard_cal_only,1,10,B,4.628221424744218,3.8680640407923255,False
hard_cal_only,1,11,A,6.065894586452479,4.11573285505247,False
hard_cal_only,1,11,B,4.167894315637306,3.8517025281700095,False
hard_cal_only,1,12,A,6.200471696778818,4.171439266480532,False
hard_cal_only,1,12,B,3.917730438418702,3.155278472209438,False
hard_cal_only,1,13,A,5.8660752591064735,4.040955207762061,False
hard_cal_only,1,13,B,3.7237780030100924,3.2185371007179344,False
hard_cal_only,1,14,A,5.951609943032482,4.016138106486954,False
hard_cal_only,1,14,B,3.031602541531688,2.2372487535623367,False
hard_cal_only,1,15,A,5.715004587959488,3.878205641047872,False
hard_cal_only,1,15,B,4.9432116665577155,4.688790936743215,False
hard_cal_only,1,16,A,5.561222658323121,3.739149104534384,True
hard_cal_only,1,16,B,5.434462043075732,5.20261294292064,True
hard_cal_only,1,17,A,5.5717978400790065,3.7114019622749184,False
hard_cal_only,1,17,B,4.217973793533586,3.7166336807182074,False
hard_cal_only,2,0,A,8.450116334217201,5.145010787397824,False
hard_cal_only,2,0,B,5.916641515360073,5.420947186584743,False
hard_cal_only,2,1,A,8.286824263794248,5.169747507706902,False
hard_cal_only,2,1,B,5.1481378236106,3.9028363420207652,False
hard_cal_only,2,2,A,8.730133977365467,5.507667345456431,False
hard_cal_only,2,2,B,4.768242780879625,2.9033945877745637,False
hard_cal_only,2,3,A,8.526256915755807,5.428858729360068,False
hard_cal_only,2,3,B,4.078911851977066,2.8948433858321194,False
hard_cal_only,2,4,A,8.092973784280883,5.087636415898779,False
hard_cal_only,2,4,B,6.1930612949147195,5.295054777782628,False
hard_cal_only,2,5,A,7.896179081716701,4.79784854034935,False
hard_cal_only,2,5,B,5.874241993957741,5.249841046184552,False
hard_cal_only,2,6,A,7.759357533664244,4.698568419117115,False
hard_cal_only,2,6,B,6.998511661673843,6.517445321068925,False
hard_cal_only,2,7,A,7.713546981014178,4.692214183030712,False
hard_cal_only,2,7,B,6.522479207861482,6.036000035505362,False
hard_cal_only,2,8,A,7.436432200134428,4.730854035062799,False
hard_cal_only,2,8,B,6.441719433547612,5.959312852139595,False
hard_cal_only,2,9,A,7.51573551473029,4.834220599382818,False
hard_cal_only,2,9,B,4.200933655560807,3.596593103653856,False
hard_cal_only,2,10,A,7.341851292436094,4.814794412385047,False
hard_cal_only,2,10,B,5.087056201948146,4.235755547725085,False
hard_cal_only,2,11,A,7.334321246473466,4.720847212623092,False
hard_cal_only,2,11,B,4.3650456522698144,3.6396601295602333,False
hard_cal_only,2,12,A,7.1112593030976665,4.65518223225283,False
hard_cal_only,2,12,B,4.0598936607567655,3.223968348967487,False
hard_cal_only,2,13,A,6.95916040347199,4.61776077058955,False
hard_cal_only,2,13,B,3.867902737368549,3.2526559513793964,False
hard_cal_only,2,14,A,7.029664681470567,4.532908601497476,False
hard_cal_only,2,14,B,4.662874407136706,2.9348472980950464,False
hard_cal_only,2,15,A,6.97369259241005,4.4323603309939115,False
hard_cal_only,2,15,B,4.477006762030951,4.037076711184071,False
hard_cal_only,2,16,A,6.822872336763731,4.321772829443641,True
hard_cal_only,2,16,B,5.245264382355298,4.849490659047445,True
hard_cal_only,2,17,A,6.609283606560703,4.253887758057407,False
hard_cal_only,2,17,B,4.295091642108378,3.735750843846812,False
hard_cal_only,3,0,A,9.992951322296099,6.6250839633913055,False
hard_cal_only,3,0,B,7.889818080683522,6.731896613664385,False
hard_cal_only,3,1,A,10.049220433497286,6.393071055414882,False
hard_cal_only,3,1,B,5.705012926008948,4.22470162144882,False
hard_cal_only,3,2,A,9.269160913185159,5.90174388850009,False
hard_cal_only,3,2,B,4.7196782568447535,2.9341628208791195,False
hard_cal_only,3,3,A,9.139575301191789,5.876942216351454,False
hard_cal_only,3,3,B,4.642629745744778,3.1221999153166515,False
hard_cal_only,3,4,A,8.67835104648373,5.452572555896096,False
hard_cal_only,3,4,B,6.416261082735756,5.320754679533954,False
hard_cal_only,3,5,A,8.076843839904043,5.05254093701146,False
hard_cal_only,3,5,B,6.494877626843121,5.807277856399869,False
hard_cal_only,3,6,A,8.008556946982509,5.06449132352752,False
hard_cal_only,3,6,B,8.29355017096087,7.638234076827928,False
hard_cal_only,3,7,A,7.873490185982224,4.984119751497712,False
hard_cal_only,3,7,B,7.71193900994692,7.120012802598063,False
hard_cal_only,3,8,A,7.756756671938424,5.1120169132692235,False
hard_cal_only,3,8,B,7.239514364616648,6.676879886970656,False
hard_cal_only,3,9,A,7.712222849252699,5.1179837476170436,False
hard_cal_only,3,9,B,4.93071761099981,4.295983413190988,False
hard_cal_only,3,10,A,7.693535381931959,5.129168136426298,False
hard_cal_only,3,10,B,5.459220395936265,4.591181993325323,False
hard_cal_only,3,11,A,7.446287825276149,5.016726987657099,False
hard_cal_only,3,11,B,5.351015106388601,4.665357941142836,False
hard_cal_only,3,12,A,7.460369919890526,5.03175250265078,False
hard_cal_only,3,12,B,4.783440686357546,3.9249671872816454,False
hard_cal_only,3,13,A,7.329624927419591,4.95310848071887,False
hard_cal_only,3,13,B,4.373839803100745,3.6041794906233724,False
hard_cal_only,3,14,A,7.1610818524216135,4.883416780102837,False
hard_cal_only,3,14,B,4.760925339334888,3.408303173103557,False
hard_cal_only,3,15,A,7.156589755497513,4.803286175027383,False
hard_cal_only,3,15,B,5.710398510102974,5.139882327875929,False
hard_cal_only,3,16,A,7.0604610198044275,4.697137439853274,True
hard_cal_only,3,16,B,6.224180550663528,5.725942420481175,True
hard_cal_only,3,17,A,6.889274144556512,4.61793096178209,False
hard_cal_only,3,17,B,4.972112608515911,4.34527086502402,False
soft_cal_only,1,0,A,7.621181897372343,4.3546655491133714,False
soft_cal_only,1,0,B,4.082635160742647,3.4028388084326795,False
soft_cal_only,1,1,A,7.384940438514732,4.882985448529733,False
soft_cal_only,1,1,B,5.0103496310448055,4.042446576916909,False
soft_cal_only,1,2,A,8.620177751781124,6.665236541685564,False
soft_cal_only,1,2,B,6.442591889786359,5.074820879268911,False
soft_cal_only,1,3,A,7.464519832716353,5.455291419572389,False
soft_cal_only,1,3,B,5.433809636123923,4.49790201510038,False
soft_cal_only,1,4,A,7.183836781463195,4.678511410392946,False
soft_cal_only,1,4,B,2.8430777871209516,2.186645890127126,False
soft_cal_only,1,5,A,6.128681865648111,4.328965213475205,False
soft_cal_only,1,5,B,6.875567073524116,6.509665078823815,False
soft_cal_only,1,6,A,5.812202580270331,3.899358974702351,False
soft_cal_only,1,6,B,8.026109383574765,7.644447793637022,False
soft_cal_only,1,7,A,9.85586170953077,7.354947343258777,False
soft_cal_only,1,7,B,5.402899081241577,3.981990775899955,False
soft_cal_only,1,8,A,5.841515989410051,4.014187091780466,False
soft_cal_only,1,8,B,6.724590796015217,6.230993435511246,False
soft_cal_only,1,9,A,6.239087117924782,4.6506197680876795,False
soft_cal_only,1,9,B,5.5525112238902,5.040594419390981,False
soft_cal_only,1,10,A,6.299493568007645,4.7890955671664255,False
soft_cal_only,1,10,B,6.114655275892814,5.445187944407735,False
soft_cal_only,1,11,A,5.588566807453866,3.913020184678645,False
soft_cal_only,1,11,B,4.2863543978674095,3.6447252845872,False
soft_cal_only,1,12,A,5.431418115198183,3.7267837036152893,False
soft_cal_only,1,12,B,3.2099434159678397,2.6015585116255027,False
soft_cal_only,1,13,A,6.835226527907532,5.076681725141416,False
soft_cal_only,1,13,B,5.6921105019769,4.608131875104209,False
soft_cal_only,1,14,A,6.276064260724557,4.938550883326903,False
soft_cal_only,1,14,B,4.7356422934494695,3.938063552830451,False
soft_cal_only,1,15,A,5.579703953385204,4.174102217809433,False
soft_cal_only,1,15,B,6.384819671108274,5.894348333450607,False
soft_cal_only,1,16,A,5.169611178613726,3.753001707693405,True
soft_cal_only,1,16,B,6.021593041770961,5.608561299308542,True
soft_cal_only,1,17,A,5.953514263696701,4.372331863447794,False
soft_cal_only,1,17,B,6.400269056037332,5.367905439202001,False
soft_cal_only,2,0,A,8.405994557955568,6.299208792467226,False
soft_cal_only,2,0,B,8.486838467712358,8.21249488351807,False
soft_cal_only,2,1,A,7.525931236985204,5.114264634150008,False
soft_cal_only,2,1,B,4.63323664618517,3.7580277516618614,False
soft_cal_only,2,2,A,7.097364773541032,4.796518015717359,False
soft_cal_only,2,2,B,3.8482578198189676,3.0597127923653704,False
soft_cal_only,2,3,A,7.543824223020457,5.81496341736211,False
soft_cal_only,2,3,B,6.109932467380587,5.3914464853488795,False
soft_cal_only,2,4,A,5.974355712636894,3.6684648678640546,False
soft_cal_only,2,4,B,4.557014524571347,4.074437054627945,False
soft_cal_only,2,5,A,5.931381720969705,3.743001943492578,False
soft_cal_only,2,5,B,4.2576249612731525,3.5362227335418606,False
soft_cal_only,2,6,A,5.786770652142717,3.6304998908403303,False
soft_cal_only,2,6,B,5.797976365805449,5.3763990774895785,False
soft_cal_only,2,7,A,5.585677979170251,3.5224572749889713,False
soft_cal_only,2,7,B,6.2427768640512555,5.805919695476171,False
soft_cal_only,2,8,A,5.979560299677784,4.347121440832154,False
soft_cal_only,2,8,B,7.497599170627772,7.222264297123846,False
soft_cal_only,2,9,A,5.517352095735082,3.6716590669775013,False
soft_cal_only,2,9,B,3.5364118200589356,2.952794786689316,False
soft_cal_only,2,10,A,14.961802516228076,12.137465335141025,False
soft_cal_only,2,10,B,12.46458729386415,10.41554297688145,False
soft_cal_only,2,11,A,5.361304355841825,3.5074618922679344,False
soft_cal_only,2,11,B,3.021723959062613,2.4335238828732546,False
soft_cal_only,2,12,A,5.335089668771401,3.447748507163846,False
soft_cal_only,2,12,B,2.108139256158275,1.6031285460791946,False
soft_cal_only,2,13,A,5.483599102688598,3.398929483603067,False
soft_cal_only,2,13,B,2.369337124442101,1.7369398292595324,False
soft_cal_only,2,14,A,5.33533729046639,3.926104804261775,False
soft_cal_only,2,14,B,3.4166196131088857,2.7711610697231084,False
soft_cal_only,2,15,A,5.250791416534276,3.8116566147995488,False
soft_cal_only,2,15,B,5.584719331260954,5.247179399121243,False
soft_cal_only,2,16,A,4.921072581945084,3.499102904789823,True
soft_cal_only,2,16,B,5.606964641308236,5.37591271033048,True
soft_cal_only,2,17,A,5.05921587950152,3.678609917759839,False
soft_cal_only,2,17,B,4.716617596839462,4.11739698213868,False
soft_cal_only,3,0,A,7.746427397303795,5.106108815075398,False
soft_cal_only,3,0,B,6.126352043204464,5.4209083600665275,False
soft_cal_only,3,1,A,7.465496252333453,4.6441205950118265,False
soft_cal_only,3,1,B,5.197456036882546,4.09701055524551,False
soft_cal_only,3,2,A,7.737173317255521,5.659166544227551,False
soft_cal_only,3,2,B,4.737349925830569,3.7877179076764493,False
soft_cal_only,3,3,A,6.658318343767095,4.077307037211145,False
soft_cal_only,3,3,B,2.734925353675052,2.1668731590132375,False
soft_cal_only,3,4,A,6.797382508837177,5.079382391231756,False
soft_cal_only,3,4,B,7.66639672926988,7.169432253668085,False
soft_cal_only,3,5,A,23.690483504305043,21.948684034623522,False
soft_cal_only,3,5,B,16.661600995688506,15.934346583145317,False
soft_cal_only,3,6,A,6.041842486608908,4.221217586966113,False
soft_cal_only,3,6,B,8.303647203403342,7.984599223698143,False
soft_cal_only,3,7,A,5.821528361325928,4.135349287763712,False
soft_cal_only,3,7,B,7.808716570102839,7.6241949344423965,False
soft_cal_only,3,8,A,5.592383892694372,3.7212534112456384,False
soft_cal_only,3,8,B,5.73750550181347,5.378701069352814,False
soft_cal_only,3,9,A,5.676788619372169,3.9320165205880824,False
soft_cal_only,3,9,B,4.190140860046498,3.4557232090734957,False
soft_cal_only,3,10,A,5.447998375700185,3.61780074823245,False
soft_cal_only,3,10,B,4.424681165357311,3.4772690072115298,False
soft_cal_only,3,11,A,5.508255413822592,3.709034050594456,False
soft_cal_only,3,11,B,3.5079320541371444,2.869294623547929,False
soft_cal_only,3,12,A,17.99805239412214,14.89732209095747,False
soft_cal_only,3,12,B,14.178079090458034,12.181119263933773,False
soft_cal_only,3,13,A,5.339147605612015,3.898792178211701,False
soft_cal_only,3,13,B,3.946525976621328,3.476201508307642,False
soft_cal_only,3,14,A,5.087438195726205,3.257491193908383,False
soft_cal_only,3,14,B,2.816003486032786,2.0428647986342425,False
soft_cal_only,3,15,A,5.095673605051125,3.607842747350421,False
soft_cal_only,3,15,B,4.962475878029328,4.588726149774697,False
soft_cal_only,3,16,A,5.822407788370816,4.6361535895076535,True
soft_cal_only,3,16,B,7.59904389762365,7.369417095779556,True
soft_cal_only,3,17,A,17.015063260944704,15.703687146108713,False
soft_cal_only,3,17,B,12.80271568060044,12.038028007760412,False
