variant,fold,task,subset,n,rmse,contaminated
hard,0,A,in_range,7662,8.278569333900672,False
hard,0,A,out_of_range,775,8.718127080102978,False
hard,0,A,all,8437,8.31991459001147,False
hard,0,B,in_range,11777,6.015730511314479,False
hard,0,B,all,11777,6.015730511314479,False
hard,1,A,in_range,9483,8.009616205401926,False
hard,1,A,out_of_range,945,8.284229455353616,False
hard,1,A,all,10428,8.034888783630862,False
hard,1,B,in_range,13160,4.76072895140046,False
hard,1,B,all,13160,4.76072895140046,False
hard,2,A,in_range,11535,7.607279806911198,False
hard,2,A,out_of_range,1106,8.362626272833205,False
hard,2,A,all,12641,7.676334973356306,False
hard,2,B,in_range,14492,4.30519402522794,False
hard,2,B,all,14492,4.30519402522794,False
hard,3,A,in_range,13824,7.372185214294488,False
hard,3,A,out_of_range,1280,8.40669574845786,False
hard,3,A,all,15104,7.465417295163054,False
hard,3,B,in_range,15242,3.3426864826636686,False
hard,3,B,all,15242,3.3426864826636686,False
hard,4,A,in_range,16386,6.917421294763966,False
hard,4,A,out_of_range,1457,8.098297502818905,False
hard,4,A,all,17843,7.021298269981925,False
hard,4,B,in_range,13071,5.764671633091352,False
hard,4,B,all,13071,5.764671633091352,False
hard,5,A,in_range,19081,6.44010416049709,False
hard,5,A,out_of_range,1640,7.659126539039585,False
hard,5,A,all,20721,6.544865081348028,False
hard,5,B,in_range,13172,5.934523165071854,False
hard,5,B,all,13172,5.934523165071854,False
hard,6,A,in_range,21394,6.404083813245956,False
hard,6,A,out_of_range,1777,7.837072038865223,False
hard,6,A,all,23171,6.525132010722041,False
hard,6,B,in_range,11826,7.542594326780417,False
hard,6,B,all,11826,7.542594326780417,False
hard,7,A,in_range,23686,6.289970118295428,False
hard,7,A,out_of_range,1955,7.781289824902556,False
hard,7,A,all,25641,6.4158949292453045,False
hard,7,B,in_range,13260,7.353384678430881,False
hard,7,B,all,13260,7.353384678430881,False
hard,8,A,in_range,25751,6.448687498326899,False
hard,8,A,out_of_range,2095,8.255151519870312,False
hard,8,A,all,27846,6.6018152903358,False
hard,8,B,in_range,14039,6.319906027138265,False
hard,8,B,all,14039,6.319906027138265,False
hard,9,A,in_range,28084,6.336375137362064,False
hard,9,A,out_of_range,2265,7.884739574189177,False
hard,9,A,all,30349,6.46475073549267,False
hard,9,B,in_range,13843,4.340292693093661,False
hard,9,B,all,13843,4.340292693093661,False
hard,10,A,in_range,30570,6.300021453160417,False
hard,10,A,out_of_range,2428,7.905706148977598,False
hard,10,A,all,32998,6.4318449242318545,False
hard,10,B,in_range,13138,4.975934395073206,False
hard,10,B,all,13138,4.975934395073206,False
hard,11,A,in_range,32982,6.1311886656140135,False
hard,11,A,out_of_range,2588,7.792947750124306,False
hard,11,A,all,35570,6.266976023178082,False
hard,11,B,in_range,14747,4.40416397722551,False
hard,11,B,all,14747,4.40416397722551,False
hard,12,A,in_range,35242,6.063782541086432,False
hard,12,A,out_of_range,2775,7.790567560248279,False
hard,12,A,all,38017,6.206103559815649,False
hard,12,B,in_range,16280,4.212351439883671,False
hard,12,B,all,16280,4.212351439883671,False
hard,13,A,in_range,37822,5.891688521382266,False
hard,13,A,out_of_range,2968,7.432612068022339,False
hard,13,A,all,40790,6.017137392569318,False
hard,13,B,in_range,16950,4.081241974696873,False
hard,13,B,all,16950,4.081241974696873,False
hard,14,A,in_range,40723,5.804927844482929,False
hard,14,A,out_of_range,3158,7.474070080887873,False
hard,14,A,all,43881,5.940733168701614,False
hard,14,B,in_range,16946,3.114046148330944,False
hard,14,B,all,16946,3.114046148330944,False
hard,15,A,in_range,43733,5.757943238762541,False
hard,15,A,out_of_range,3370,7.713120366559556,False
hard,15,A,all,47103,5.919315331243633,False
hard,15,B,in_range,17435,5.222841995800473,False
hard,15,B,all,17435,5.222841995800473,False
hard,16,A,in_range,46744,5.556729708670421,True
hard,16,A,out_of_range,3572,7.404604454475217,True
hard,16,A,all,50316,5.7076749190846705,True
hard,16,B,in_range,15828,5.723745904579161,True
hard,16,B,all,15828,5.723745904579161,True
hard,17,A,in_range,49842,5.551820781110346,False
hard,17,A,out_of_range,3783,7.495324554209718,False
hard,17,A,all,53625,5.710652108620864,False
hard,17,B,in_range,5801,4.617973892518873,False
hard,17,B,all,5801,4.617973892518873,False
hard_cal_only,0,A,in_range,7662,8.376462812918728,False
hard_cal_only,0,A,out_of_range,775,8.88531261054072,False
hard_cal_only,0,A,all,8437,8.424486433789937,False
hard_cal_only,0,B,in_range,11777,6.404220762263388,False
hard_cal_only,0,B,all,11777,6.404220762263388,False
hard_cal_only,1,A,in_range,9483,8.100324254524981,False
hard_cal_only,1,A,out_of_range,945,8.470642887663908,False
hard_cal_only,1,A,all,10428,8.134577721570869,False
hard_cal_only,1,B,in_range,13160,4.795065081678133,False
hard_cal_only,1,B,all,13160,4.795065081678133,False
hard_cal_only,2,A,in_range,11535,7.575023849448433,False
hard_cal_only,2,A,out_of_range,1106,8.146638352960526,False
hard_cal_only,2,A,all,12641,7.626746554135827,False
hard_cal_only,2,B,in_range,14492,4.136103457110055,False
hard_cal_only,2,B,all,14492,4.136103457110055,False
hard_cal_only,3,A,in_range,13824,7.390055735512028,False
hard_cal_only,3,A,out_of_range,1280,8.450922392606792,False
hard_cal_only,3,A,all,15104,7.485792566106702,False
hard_cal_only,3,B,in_range,15242,3.09758030232728,False
hard_cal_only,3,B,all,15242,3.09758030232728,False
hard_cal_only,4,A,in_range,16386,6.973760327265887,False
hard_cal_only,4,A,out_of_range,1457,8.273935872798992,False
hard_cal_only,4,A,all,17843,7.088875131989901,False
hard_cal_only,4,B,in_range,13071,5.721662135342518,False
hard_cal_only,4,B,all,13071,5.721662135342518,False
hard_cal_only,5,A,in_range,19081,6.354808810409304,False
hard_cal_only,5,A,out_of_range,1640,7.442688892494625,False
hard_cal_only,5,A,all,20721,6.4476034066514964,False
hard_cal_only,5,B,in_range,13172,5.867217013153836,False
hard_cal_only,5,B,all,13172,5.867217013153836,False
hard_cal_only,6,A,in_range,21394,6.402707748081023,False
hard_cal_only,6,A,out_of_range,1777,7.936510373781415,False
hard_cal_only,6,A,all,23171,6.533097699452024,False
hard_cal_only,6,B,in_range,11826,7.169572540922094,False
hard_cal_only,6,B,all,11826,7.169572540922094,False
hard_cal_only,7,A,in_range,23686,6.181017538672242,False
hard_cal_only,7,A,out_of_range,1955,7.3861781499674315,False
hard_cal_only,7,A,all,25641,6.2810536025271615,False
hard_cal_only,7,B,in_range,13260,7.429646987939699,False
hard_cal_only,7,B,all,13260,7.429646987939699,False
hard_cal_only,8,A,in_range,25751,6.481250465260341,False
hard_cal_only,8,A,out_of_range,2095,8.654062637832354,False
hard_cal_only,8,A,all,27846,6.6693933457284675,False
hard_cal_only,8,B,in_range,14039,5.705891451712197,False
hard_cal_only,8,B,all,14039,5.705891451712197,False
hard_cal_only,9,A,in_range,28084,6.307870772569465,False
hard_cal_only,9,A,out_of_range,2265,7.869607267261454,False
hard_cal_only,9,A,all,30349,6.437522208859245,False
hard_cal_only,9,B,in_range,13843,3.8596727381168368,False
hard_cal_only,9,B,all,13843,3.8596727381168368,False
hard_cal_only,10,A,in_range,30570,6.317236366897445,False
hard_cal_only,10,A,out_of_range,2428,8.06381946772765,False
hard_cal_only,10,A,all,32998,6.461860552535603,False
hard_cal_only,10,B,in_range,13138,4.628221424744218,False
hard_cal_only,10,B,all,13138,4.628221424744218,False
hard_cal_only,11,A,in_range,32982,5.964071549217651,False
hard_cal_only,11,A,out_of_range,2588,7.239185418284285,False
hard_cal_only,11,A,all,35570,6.065894586452479,False
hard_cal_only,11,B,in_range,14747,4.167894315637306,False
hard_cal_only,11,B,all,14747,4.167894315637306,False
hard_cal_only,12,A,in_range,35242,6.051036977248254,False
hard_cal_only,12,A,out_of_range,2775,7.8547239972305025,False
hard_cal_only,12,A,all,38017,6.200471696778818,False
hard_cal_only,12,B,in_range,16280,3.917730438418702,False
hard_cal_only,12,B,all,16280,3.917730438418702,False
hard_cal_only,13,A,in_range,37822,5.760099110704434,False
hard_cal_only,13,A,out_of_range,2968,7.0789671177004,False
hard_cal_only,13,A,all,40790,5.8660752591064735,False
hard_cal_only,13,B,in_range,16950,3.7237780030100924,False
hard_cal_only,13,B,all,16950,3.7237780030100924,False
hard_cal_only,14,A,in_range,40723,5.814846482765239,False
hard_cal_only,14,A,out_of_range,3158,7.494856247485957,False
hard_cal_only,14,A,all,43881,5.951609943032482,False
hard_cal_only,14,B,in_range,16946,3.031602541531688,False
hard_cal_only,14,B,all,16946,3.031602541531688,False
hard_cal_only,15,A,in_range,43733,5.586114012316738,False
hard_cal_only,15,A,out_of_range,3370,7.180800495992756,False
hard_cal_only,15,A,all,47103,5.715004587959488,False
hard_cal_only,15,B,in_range,17435,4.9432116665577155,False
hard_cal_only,15,B,all,17435,4.9432116665577155,False
hard_cal_only,16,A,in_range,46744,5.435641950500892,True
hard_cal_only,16,A,out_of_range,3572,6.999942704575145,True
hard_cal_only,16,A,all,50316,5.561222658323121,True
hard_cal_only,16,B,in_range,15828,5.434462043075732,True
hard_cal_only,16,B,all,15828,5.434462043075732,True
hard_cal_only,17,A,in_range,49842,5.422819482557588,False
hard_cal_only,17,A,out_of_range,3783,7.254341922228178,False
hard_cal_only,17,A,all,53625,5.5717978400790065,False
hard_cal_only,17,B,in_range,5801,4.217973793533586,False
hard_cal_only,17,B,all,5801,4.217973793533586,False
