date,expiry,method,n_grid,n_price_convex_viol,n_price_slope_viol,n_density_negative,n_iv_undefined,n_scored,n_viol,n_viol_observed,n_grid_observed
2020-01-09,2020-12-31,Fengler,61,0,0,0,3,58,15,0,43
2020-01-09,2020-03-26,Fengler,61,0,0,0,0,61,0,0,43
2020-01-09,2020-02-27,Fengler,61,0,0,0,0,61,0,0,43
2020-01-09,2020-01-30,Fengler,61,0,0,0,11,50,0,0,43
2020-01-09,2020-01-23,Fengler,61,0,0,0,0,61,0,0,43
2020-01-09,2020-01-16,Fengler,61,0,0,0,0,61,0,0,43
2020-01-27,2020-03-26,Fengler,61,0,0,0,0,61,0,0,43
2020-01-27,2020-02-27,Fengler,61,0,0,0,7,54,1,0,43
2020-01-27,2020-02-06,Fengler,61,0,0,0,3,57,4,0,43
2020-02-12,2020-04-30,Fengler,61,0,0,0,12,49,6,0,43
2020-02-12,2020-03-26,Fengler,61,0,0,0,7,54,0,0,43
2020-02-12,2020-02-27,Fengler,61,0,0,0,5,56,0,0,43
2020-02-12,2020-02-20,Fengler,61,0,0,0,0,61,0,0,43
2020-03-02,2020-12-31,Fengler,61,0,0,0,4,57,11,0,43
2020-03-02,2020-04-30,Fengler,61,0,0,0,2,59,0,0,43
2020-03-02,2020-03-26,Fengler,61,0,0,0,0,61,0,0,43
2020-03-02,2020-03-12,Fengler,61,0,0,0,1,60,8,0,43
2020-03-19,2020-04-30,Fengler,61,0,0,0,0,61,16,2,43
2020-03-19,2020-03-26,Fengler,61,0,0,0,0,61,5,1,43
2020-04-09,2020-06-25,Fengler,61,0,0,0,3,58,6,0,43
2020-04-09,2020-05-28,Fengler,61,0,0,0,0,61,1,0,43
2020-04-09,2020-04-30,Fengler,61,0,0,0,0,61,0,0,43
2020-04-09,2020-04-16,Fengler,61,0,0,0,2,59,0,0,43
2020-04-29,2020-06-25,Fengler,61,0,0,0,0,61,0,0,43
2020-04-29,2020-05-28,Fengler,61,0,0,0,6,55,1,0,43
2020-04-29,2020-05-14,Fengler,61,0,0,0,6,55,3,0,43
2020-04-29,2020-05-07,Fengler,61,0,0,0,0,61,0,0,43
2020-05-18,2020-12-31,Fengler,61,0,0,0,3,58,11,0,43
2020-05-18,2020-06-25,Fengler,61,0,0,0,5,56,2,0,43
2020-05-18,2020-05-28,Fengler,61,0,0,0,0,61,0,0,43
2020-06-04,2020-12-31,Fengler,61,0,0,0,4,57,5,0,43
2020-06-04,2020-07-30,Fengler,61,0,0,0,6,55,3,0,43
2020-06-04,2020-06-25,Fengler,61,0,0,0,0,61,0,0,43
2020-06-04,2020-06-18,Fengler,61,0,0,0,1,60,2,0,43
2020-06-04,2020-06-11,Fengler,61,0,0,0,2,58,0,0,43
2020-06-22,2020-12-31,Fengler,61,0,0,0,5,56,4,0,43
2020-06-22,2020-08-27,Fengler,61,0,0,0,2,59,13,0,43
2020-06-22,2020-07-30,Fengler,61,0,0,0,5,56,2,0,43
2020-06-22,2020-07-09,Fengler,61,0,0,0,0,61,0,0,43
2020-06-22,2020-07-02,Fengler,61,0,0,0,0,61,0,0,43
2020-07-08,2020-12-31,Fengler,61,0,0,0,4,57,4,0,43
2020-07-08,2020-09-24,Fengler,61,0,0,0,1,60,0,0,43
2020-07-08,2020-08-27,Fengler,61,0,0,0,6,55,2,0,43
2020-07-08,2020-07-30,Fengler,61,0,0,0,6,55,0,0,43
2020-07-08,2020-07-23,Fengler,61,0,0,0,5,55,0,0,43
2020-07-08,2020-07-16,Fengler,61,0,0,0,7,54,0,0,43
2020-07-24,2020-12-31,Fengler,61,0,0,0,4,57,2,0,43
2020-07-24,2020-09-24,Fengler,61,0,0,0,0,61,0,0,43
2020-07-24,2020-08-27,Fengler,61,0,0,0,6,55,1,0,43
2020-07-24,2020-08-13,Fengler,61,0,0,0,5,56,12,0,43
2020-07-24,2020-08-06,Fengler,61,0,0,0,1,60,0,0,43
2020-08-13,2020-12-31,Fengler,61,0,0,0,6,55,2,0,43
2020-08-13,2020-10-29,Fengler,61,0,0,0,5,56,9,0,43
2020-08-13,2020-09-24,Fengler,61,0,0,0,0,61,0,0,43
2020-08-13,2020-09-03,Fengler,61,0,0,0,5,56,4,0,43
2020-08-13,2020-08-27,Fengler,61,0,0,0,2,59,0,0,43
2020-08-13,2020-08-20,Fengler,61,0,0,0,0,61,0,0,43
2020-08-31,2020-12-31,Fengler,61,0,0,0,3,58,0,0,43
2020-08-31,2020-10-29,Fengler,61,0,0,0,6,55,2,0,43
2020-08-31,2020-09-24,Fengler,61,0,0,0,0,61,0,0,43
2020-08-31,2020-09-17,Fengler,61,0,0,0,0,61,8,0,43
2020-08-31,2020-09-10,Fengler,61,0,0,0,0,61,2,0,43
2020-09-16,2020-12-31,Fengler,61,0,0,0,1,60,3,0,43
2020-09-16,2020-11-26,Fengler,61,0,0,0,0,61,1,0,43
2020-09-16,2020-10-29,Fengler,61,0,0,0,6,55,0,0,43
2020-09-16,2020-10-01,Fengler,61,0,0,0,3,58,0,0,43
2020-09-16,2020-09-24,Fengler,61,0,0,0,0,61,0,0,43
2020-10-05,2020-12-31,Fengler,61,0,0,0,2,59,0,0,43
2020-10-05,2020-11-26,Fengler,61,0,0,0,4,57,1,0,43
2020-10-05,2020-10-29,Fengler,61,0,0,0,0,61,0,0,43
2020-10-05,2020-10-22,Fengler,61,0,0,0,0,61,0,0,43
2020-10-05,2020-10-15,Fengler,61,0,0,0,0,61,0,0,43
2020-10-21,2020-12-31,Fengler,61,0,0,0,0,61,0,0,43
2020-10-21,2020-11-26,Fengler,61,0,0,0,12,49,1,0,43
2020-10-21,2020-11-05,Fengler,61,0,0,0,6,55,2,0,43
2020-10-21,2020-10-29,Fengler,61,0,0,0,0,61,0,0,43
2020-11-06,2021-03-25,Fengler,61,0,0,0,4,57,3,0,43
2020-11-06,2020-12-31,Fengler,61,0,0,0,0,61,0,0,43
2020-11-06,2020-11-26,Fengler,61,0,0,0,5,56,0,0,43
2020-11-06,2020-11-19,Fengler,61,0,0,0,0,61,0,0,43
2020-11-25,2021-03-25,Fengler,61,0,0,0,4,56,2,0,43
2020-11-25,2021-01-28,Fengler,61,0,0,0,6,55,2,0,43
2020-11-25,2020-12-31,Fengler,61,0,0,0,1,60,0,0,43
2020-11-25,2020-12-10,Fengler,61,0,0,0,0,61,0,0,43
2020-11-25,2020-12-03,Fengler,61,0,0,0,0,61,0,0,43
2020-12-14,2021-03-25,Fengler,61,0,0,0,4,57,2,0,43
2020-12-14,2021-01-28,Fengler,61,0,0,0,4,57,2,0,43
2020-12-14,2020-12-31,Fengler,61,0,0,0,1,59,0,0,43
2020-12-14,2020-12-24,Fengler,61,0,0,0,2,59,0,0,43
2020-12-31,2021-03-25,Fengler,61,0,0,0,5,56,1,0,43
2020-12-31,2021-02-25,Fengler,61,0,0,0,5,55,9,0,43
2020-12-31,2021-01-28,Fengler,61,0,0,0,7,54,0,0,43
2020-12-31,2021-01-21,Fengler,61,0,0,0,7,53,3,0,43
2020-12-31,2021-01-14,Fengler,61,0,0,0,6,55,1,0,43
2020-12-31,2021-01-07,Fengler,61,0,0,0,2,59,0,0,43
2021-01-18,2021-03-25,Fengler,61,0,0,0,5,56,2,0,43
2021-01-18,2021-02-25,Fengler,61,0,0,0,0,61,0,0,43
2021-01-18,2021-02-04,Fengler,61,0,0,0,1,60,0,0,43
2021-01-18,2021-01-28,Fengler,61,0,0,0,4,56,0,0,43
2021-02-04,2021-03-25,Fengler,61,0,0,0,5,56,3,0,43
2021-02-04,2021-02-25,Fengler,61,0,0,0,3,58,0,0,43
2021-02-04,2021-02-18,Fengler,61,0,0,0,3,58,0,0,43
2021-02-04,2021-02-11,Fengler,61,0,0,0,2,59,0,0,43
2021-02-22,2021-12-30,Fengler,61,0,0,0,3,57,8,0,43
2021-02-22,2021-06-24,Fengler,61,0,0,0,13,48,5,0,43
2021-02-22,2021-04-29,Fengler,61,0,0,0,5,56,11,3,43
2021-02-22,2021-03-25,Fengler,61,0,0,0,6,55,0,0,43
2021-02-22,2021-03-10,Fengler,61,0,0,0,0,60,2,0,43
2021-02-22,2021-03-04,Fengler,61,0,0,0,0,61,0,0,43
2021-03-10,2021-12-30,Fengler,61,0,0,0,0,61,15,0,43
2021-03-10,2021-06-24,Fengler,61,0,0,0,5,56,3,0,43
2021-03-10,2021-04-29,Fengler,61,0,0,0,6,54,2,0,43
2021-03-10,2021-04-01,Fengler,61,0,0,0,6,55,2,0,43
2021-03-10,2021-03-25,Fengler,61,0,0,0,0,61,0,0,43
2021-03-10,2021-03-18,Fengler,61,0,0,0,0,61,0,0,43
2021-03-31,2021-12-30,Fengler,61,0,0,0,7,54,2,0,43
2021-03-31,2021-06-24,Fengler,61,0,0,0,2,59,0,0,43
2021-03-31,2021-05-27,Fengler,61,0,0,0,4,57,9,0,43
2021-03-31,2021-04-29,Fengler,61,0,0,0,3,58,0,0,43
2021-03-31,2021-04-15,Fengler,61,0,0,0,0,61,0,0,43
2021-03-31,2021-04-08,Fengler,61,0,0,0,1,60,0,0,43
2021-04-20,2021-12-30,Fengler,61,0,0,0,5,56,7,0,43
2021-04-20,2021-06-24,Fengler,61,0,0,0,7,54,1,0,43
2021-04-20,2021-05-27,Fengler,61,0,0,0,1,60,5,0,43
2021-04-20,2021-05-06,Fengler,61,0,0,0,2,59,2,0,43
2021-04-20,2021-04-29,Fengler,61,0,0,0,0,61,0,0,43
2021-05-07,2021-12-30,Fengler,61,0,0,0,5,56,10,0,43
2021-05-07,2021-06-24,Fengler,61,0,0,0,1,60,0,0,43
2021-05-07,2021-05-27,Fengler,61,0,0,0,3,57,0,0,43
2021-05-07,2021-05-20,Fengler,61,0,0,0,0,61,0,0,43
2021-05-26,2021-12-30,Fengler,61,0,0,0,3,58,4,0,43
2021-05-26,2021-07-29,Fengler,61,0,0,0,4,57,5,0,43
2021-05-26,2021-06-24,Fengler,61,0,0,0,0,61,0,0,43
2021-05-26,2021-06-10,Fengler,61,0,0,0,5,55,0,0,43
2021-05-26,2021-06-03,Fengler,61,0,0,0,0,61,0,0,43
2021-06-11,2021-12-30,Fengler,61,0,0,0,4,57,4,0,43
2021-06-11,2021-09-30,Fengler,61,0,0,0,0,61,2,0,43
2021-06-11,2021-08-26,Fengler,61,0,0,0,4,57,12,0,43
2021-06-11,2021-07-29,Fengler,61,0,0,0,1,59,0,0,43
2021-06-11,2021-07-01,Fengler,61,0,0,0,6,54,1,0,43
2021-06-11,2021-06-24,Fengler,61,0,0,0,0,61,0,0,43
2021-06-29,2021-12-30,Fengler,61,0,0,0,4,57,8,0,43
2021-06-29,2021-09-30,Fengler,61,0,0,0,0,61,0,0,43
2021-06-29,2021-08-26,Fengler,61,0,0,0,2,59,2,0,43
2021-06-29,2021-07-29,Fengler,61,0,0,0,0,61,0,0,43
2021-06-29,2021-07-15,Fengler,61,0,0,0,0,61,1,0,43
2021-06-29,2021-07-08,Fengler,61,0,0,0,0,61,0,0,43
2021-07-15,2021-12-30,Fengler,61,0,0,0,6,55,2,0,43
2021-07-15,2021-09-30,Fengler,61,0,0,0,0,61,0,0,43
2021-07-15,2021-08-26,Fengler,61,0,0,0,0,61,0,0,43
2021-07-15,2021-08-05,Fengler,61,0,0,0,0,61,0,0,43
2021-07-15,2021-07-29,Fengler,61,0,0,0,0,61,0,0,43
2021-07-15,2021-07-22,Fengler,61,0,0,0,0,60,0,0,43
2021-08-03,2021-12-30,Fengler,61,0,0,0,4,57,2,0,43
2021-08-03,2021-10-28,Fengler,61,0,0,0,4,57,10,0,43
2021-08-03,2021-09-30,Fengler,61,0,0,0,0,61,0,0,43
2021-08-03,2021-08-26,Fengler,61,0,0,0,0,61,0,0,43
2021-08-03,2021-08-18,Fengler,61,0,0,0,9,52,3,0,43
2021-08-03,2021-08-12,Fengler,61,0,0,0,0,61,0,0,43
2021-08-20,2021-12-30,Fengler,61,0,0,0,0,61,0,0,43
2021-08-20,2021-10-28,Fengler,61,0,0,0,2,59,4,0,43
2021-08-20,2021-09-30,Fengler,61,0,0,0,5,56,0,0,43
2021-08-20,2021-09-09,Fengler,61,0,0,0,8,53,2,0,43
2021-08-20,2021-09-02,Fengler,61,0,0,0,0,61,0,0,43
2021-09-07,2021-12-30,Fengler,61,0,0,0,3,58,2,0,43
2021-09-07,2021-11-25,Fengler,61,0,0,0,0,61,1,0,43
2021-09-07,2021-10-28,Fengler,61,0,0,0,10,51,2,0,43
2021-09-07,2021-09-30,Fengler,61,0,0,0,0,61,0,0,43
2021-09-07,2021-09-23,Fengler,61,0,0,0,0,61,0,0,43
2021-09-07,2021-09-16,Fengler,61,0,0,0,0,61,0,0,43
2021-09-24,2021-12-30,Fengler,61,0,0,0,3,58,2,0,43
2021-09-24,2021-11-25,Fengler,61,0,0,0,4,57,9,0,43
2021-09-24,2021-10-28,Fengler,61,0,0,0,6,55,2,0,43
2021-09-24,2021-10-21,Fengler,61,0,0,0,0,61,6,0,43
2021-09-24,2021-10-14,Fengler,61,0,0,0,5,56,2,0,43
2021-09-24,2021-10-07,Fengler,61,0,0,0,5,56,0,0,43
2021-10-12,2021-12-30,Fengler,61,0,0,0,3,58,1,0,43
2021-10-12,2021-11-25,Fengler,61,0,0,0,5,56,3,0,43
2021-10-12,2021-11-03,Fengler,61,0,0,0,0,61,0,0,43
2021-10-12,2021-10-28,Fengler,61,0,0,0,6,55,0,0,43
2021-10-12,2021-10-21,Fengler,61,0,0,0,2,58,0,0,43
2021-10-29,2022-03-31,Fengler,61,0,0,0,6,55,8,0,43
2021-10-29,2021-12-30,Fengler,61,0,0,0,0,61,0,0,43
2021-10-29,2021-12-02,Fengler,61,0,0,0,3,58,7,1,43
2021-10-29,2021-11-25,Fengler,61,0,0,0,0,61,0,0,43
2021-10-29,2021-11-18,Fengler,61,0,0,0,3,58,2,0,43
2021-10-29,2021-11-11,Fengler,61,0,0,0,0,61,0,0,43
2021-11-18,2022-03-31,Fengler,61,0,0,0,5,56,3,0,43
2021-11-18,2022-01-27,Fengler,61,0,0,0,0,61,3,0,43
2021-11-18,2021-12-30,Fengler,61,0,0,0,0,61,0,0,43
2021-11-18,2021-12-09,Fengler,61,0,0,0,0,61,0,0,43
2021-11-18,2021-12-02,Fengler,61,0,0,0,2,59,0,0,43
2021-11-18,2021-11-25,Fengler,61,0,0,0,0,61,0,0,43
2021-12-07,2022-03-31,Fengler,61,0,0,0,4,56,3,0,43
2021-12-07,2022-02-24,Fengler,61,0,0,0,3,58,10,0,43
2021-12-07,2022-01-27,Fengler,61,0,0,0,1,59,3,0,43
2021-12-07,2021-12-30,Fengler,61,0,0,0,0,61,0,0,43
2021-12-07,2021-12-23,Fengler,61,0,0,0,0,61,0,0,43
2021-12-07,2021-12-16,Fengler,61,0,0,0,0,61,0,0,43
2021-12-23,2022-03-31,Fengler,61,0,0,0,5,56,0,0,43
2021-12-23,2022-02-24,Fengler,61,0,0,0,0,61,0,0,43
2021-12-23,2022-01-27,Fengler,61,0,0,0,2,59,2,0,43
2021-12-23,2022-01-13,Fengler,61,0,0,0,8,53,1,0,43
2021-12-23,2022-01-06,Fengler,61,0,0,0,2,59,0,0,43
2021-12-23,2021-12-30,Fengler,61,0,0,0,0,61,0,0,43
2022-01-10,2022-12-29,Fengler,61,0,0,0,4,57,5,0,43
2022-01-10,2022-03-31,Fengler,61,0,0,0,3,58,0,0,43
2022-01-10,2022-02-24,Fengler,61,0,0,0,6,55,3,0,43
2022-01-10,2022-02-03,Fengler,61,0,0,0,3,57,8,3,43
2022-01-10,2022-01-27,Fengler,61,0,0,0,0,61,0,0,43
2022-01-10,2022-01-20,Fengler,61,0,0,0,3,58,0,0,43
2022-01-27,2022-12-29,Fengler,61,0,0,0,4,57,6,0,43
2022-01-27,2022-06-30,Fengler,61,0,0,0,4,57,5,0,43
2022-01-27,2022-03-31,Fengler,61,0,0,0,3,58,0,0,43
2022-01-27,2022-02-24,Fengler,61,0,0,0,3,57,1,0,43
2022-01-27,2022-02-17,Fengler,61,0,0,0,0,60,15,7,43
2022-01-27,2022-02-10,Fengler,61,0,0,0,0,61,0,0,43
2022-01-27,2022-02-03,Fengler,61,0,0,0,2,59,0,0,43
2022-02-14,2022-12-29,Fengler,61,0,0,0,2,59,5,0,43
2022-02-14,2022-06-30,Fengler,61,0,0,0,2,59,7,0,43
2022-02-14,2022-04-28,Fengler,61,0,0,0,1,59,9,0,43
2022-02-14,2022-03-31,Fengler,61,0,0,0,0,61,0,0,43
2022-02-14,2022-03-24,Fengler,61,0,0,0,0,61,5,0,43
2022-02-14,2022-03-10,Fengler,61,0,0,0,0,60,8,0,43
2022-02-14,2022-03-03,Fengler,61,0,0,0,3,58,5,0,43
2022-02-14,2022-02-24,Fengler,61,0,0,0,4,56,1,0,43
2022-03-03,2022-12-29,Fengler,61,0,0,0,1,60,13,0,43
2022-03-03,2022-06-30,Fengler,61,0,0,0,0,61,0,0,43
2022-03-03,2022-05-26,Fengler,61,0,0,0,0,61,18,0,43
2022-03-03,2022-04-28,Fengler,61,0,0,0,2,59,4,2,43
2022-03-03,2022-03-31,Fengler,61,0,0,0,0,61,0,0,43
2022-03-03,2022-03-24,Fengler,61,0,0,0,10,51,6,1,43
2022-03-03,2022-03-17,Fengler,61,0,0,0,5,56,3,0,43
2022-03-03,2022-03-10,Fengler,61,0,0,0,6,55,1,0,43
2022-03-22,2022-12-29,Fengler,61,0,0,0,3,58,8,0,43
2022-03-22,2022-06-30,Fengler,61,0,0,0,2,59,5,0,43
2022-03-22,2022-05-26,Fengler,61,0,0,0,3,58,10,0,43
2022-03-22,2022-04-28,Fengler,61,0,0,0,6,54,5,0,43
2022-03-22,2022-04-13,Fengler,61,0,0,0,6,54,6,0,43
2022-03-22,2022-04-07,Fengler,61,0,0,0,6,53,2,0,43
2022-03-22,2022-03-31,Fengler,61,0,0,0,0,61,0,0,43
2022-04-07,2022-12-29,Fengler,61,0,0,0,2,59,1,0,43
2022-04-07,2022-06-30,Fengler,61,0,0,0,5,56,0,0,43
2022-04-07,2022-05-26,Fengler,61,0,0,0,5,55,2,0,43
2022-04-07,2022-05-05,Fengler,61,0,0,0,0,61,3,0,43
2022-04-07,2022-04-28,Fengler,61,0,0,0,0,61,0,0,43
2022-04-07,2022-04-21,Fengler,61,0,0,0,0,61,0,0,43
2022-04-27,2022-12-29,Fengler,61,0,0,0,0,61,0,0,43
2022-04-27,2022-06-30,Fengler,61,0,0,0,3,58,0,0,43
2022-04-27,2022-05-26,Fengler,61,0,0,0,0,61,0,0,43
2022-04-27,2022-05-19,Fengler,61,0,0,0,7,54,2,0,43
2022-04-27,2022-05-12,Fengler,61,0,0,0,0,61,0,0,43
2022-04-27,2022-05-05,Fengler,61,0,0,0,0,61,0,0,43
2022-05-16,2022-12-29,Fengler,61,0,0,0,1,60,6,0,43
2022-05-16,2022-07-28,Fengler,61,0,0,0,0,61,5,0,43
2022-05-16,2022-06-30,Fengler,61,0,0,0,3,58,3,0,43
2022-05-16,2022-06-16,Fengler,61,0,0,0,0,61,0,0,43
2022-05-16,2022-06-09,Fengler,61,0,0,0,0,61,5,0,43
2022-05-16,2022-06-02,Fengler,61,0,0,0,4,56,2,0,43
2022-05-16,2022-05-26,Fengler,61,0,0,0,6,54,0,0,43
2022-06-01,2022-12-29,Fengler,61,0,0,0,1,60,2,0,43
2022-06-01,2022-08-25,Fengler,61,0,0,0,2,59,12,0,43
2022-06-01,2022-07-28,Fengler,61,0,0,0,3,58,3,0,43
2022-06-01,2022-06-30,Fengler,61,0,0,0,0,61,0,0,43
2022-06-01,2022-06-23,Fengler,61,0,0,0,0,61,0,0,43
2022-06-01,2022-06-16,Fengler,61,0,0,0,2,59,1,0,43
2022-06-01,2022-06-09,Fengler,61,0,0,0,0,61,0,0,43
2022-06-17,2022-12-29,Fengler,61,0,0,0,2,59,6,0,43
2022-06-17,2022-08-25,Fengler,61,0,0,0,0,61,2,0,43
2022-06-17,2022-07-28,Fengler,61,0,0,0,0,61,5,0,43
2022-06-17,2022-07-21,Fengler,61,0,0,0,6,55,8,0,43
2022-06-17,2022-07-14,Fengler,61,0,0,0,0,61,6,0,43
2022-06-17,2022-07-07,Fengler,61,0,0,0,1,60,3,0,43
2022-06-17,2022-06-30,Fengler,61,0,0,0,0,61,0,0,43
2022-07-05,2022-12-29,Fengler,61,0,0,0,0,61,6,0,43
2022-07-05,2022-09-29,Fengler,61,0,0,0,3,58,3,0,43
2022-07-05,2022-08-25,Fengler,61,0,0,0,0,61,3,0,43
2022-07-05,2022-08-04,Fengler,61,0,0,0,3,58,4,0,43
2022-07-05,2022-07-28,Fengler,61,0,0,0,1,60,0,0,43
2022-07-05,2022-07-21,Fengler,61,0,0,0,3,57,0,0,43
2022-07-05,2022-07-14,Fengler,61,0,0,0,0,61,0,0,43
2022-07-21,2022-12-29,Fengler,61,0,0,0,4,56,2,0,43
2022-07-21,2022-09-29,Fengler,61,0,0,0,0,61,0,0,43
2022-07-21,2022-08-25,Fengler,61,0,0,0,4,57,0,0,43
2022-07-21,2022-08-18,Fengler,61,0,0,0,5,56,4,0,43
2022-07-21,2022-08-11,Fengler,61,0,0,0,0,61,0,0,43
2022-07-21,2022-08-04,Fengler,61,0,0,0,0,61,0,0,43
2022-07-21,2022-07-28,Fengler,61,0,0,0,0,61,0,0,43
2022-08-08,2022-12-29,Fengler,61,0,0,0,0,61,0,0,43
2022-08-08,2022-10-27,Fengler,61,0,0,0,0,61,0,0,43
2022-08-08,2022-09-29,Fengler,61,0,0,0,0,61,0,0,43
2022-08-08,2022-09-01,Fengler,61,0,0,0,6,55,2,0,43
2022-08-08,2022-08-25,Fengler,61,0,0,0,6,55,0,0,43
2022-08-08,2022-08-18,Fengler,61,0,0,0,0,61,0,0,43
2022-08-26,2022-12-29,Fengler,61,0,0,0,0,61,0,0,43
2022-08-26,2022-11-24,Fengler,61,0,0,0,5,55,8,0,43
2022-08-26,2022-10-27,Fengler,61,0,0,0,5,56,1,0,43
2022-08-26,2022-09-29,Fengler,61,0,0,0,2,59,0,0,43
2022-08-26,2022-09-22,Fengler,61,0,0,0,8,53,0,0,43
2022-08-26,2022-09-15,Fengler,61,0,0,0,0,61,0,0,43
2022-08-26,2022-09-08,Fengler,61,0,0,0,3,58,0,0,43
2022-09-14,2022-12-29,Fengler,61,0,0,0,6,55,1,0,43
2022-09-14,2022-11-24,Fengler,61,0,0,0,6,55,3,0,43
2022-09-14,2022-10-27,Fengler,61,0,0,0,6,55,1,0,43
2022-09-14,2022-10-13,Fengler,61,0,0,0,6,55,5,0,43
2022-09-14,2022-10-06,Fengler,61,0,0,0,0,61,0,0,43
2022-09-14,2022-09-29,Fengler,61,0,0,0,0,61,0,0,43
2022-09-14,2022-09-22,Fengler,61,0,0,0,0,60,0,0,43
2022-09-30,2022-12-29,Fengler,61,0,0,0,0,61,0,0,43
2022-09-30,2022-11-24,Fengler,61,0,0,0,1,60,3,0,43
2022-09-30,2022-11-03,Fengler,61,0,0,0,0,61,9,0,43
2022-09-30,2022-10-27,Fengler,61,0,0,0,0,61,0,0,43
2022-09-30,2022-10-20,Fengler,61,0,0,0,5,56,2,0,43
2022-09-30,2022-10-13,Fengler,61,0,0,0,1,60,0,0,43
2022-10-19,2022-12-29,Fengler,61,0,0,0,2,59,0,0,43
2022-10-19,2022-11-24,Fengler,61,0,0,0,0,61,0,0,43
2022-10-19,2022-11-17,Fengler,61,0,0,0,3,58,5,0,43
2022-10-19,2022-11-10,Fengler,61,0,0,0,6,55,3,0,43
2022-10-19,2022-11-03,Fengler,61,0,0,0,0,61,0,0,43
2022-10-19,2022-10-27,Fengler,61,0,0,0,0,61,0,0,43
2022-11-09,2023-01-25,Fengler,61,0,0,0,1,60,0,0,43
2022-11-09,2022-12-29,Fengler,61,0,0,0,0,61,0,0,43
2022-11-09,2022-12-01,Fengler,61,0,0,0,0,61,0,0,43
2022-11-09,2022-11-24,Fengler,61,0,0,0,1,60,0,0,43
2022-11-09,2022-11-17,Fengler,61,0,0,0,0,61,0,0,43
2022-11-25,2023-03-30,Fengler,61,0,0,0,0,61,0,0,43
2022-11-25,2023-01-25,Fengler,61,0,0,0,0,61,0,0,43
2022-11-25,2022-12-29,Fengler,61,0,0,0,0,61,0,0,43
2022-11-25,2022-12-22,Fengler,61,0,0,0,0,61,0,0,43
2022-11-25,2022-12-15,Fengler,61,0,0,0,0,61,0,0,43
2022-11-25,2022-12-08,Fengler,61,0,0,0,3,58,0,0,43
2022-12-13,2023-03-30,Fengler,61,0,0,0,0,61,0,0,43
2022-12-13,2023-02-23,Fengler,61,0,0,0,2,58,10,0,43
2022-12-13,2023-01-25,Fengler,61,0,0,0,2,59,0,0,43
2022-12-13,2023-01-05,Fengler,61,0,0,0,0,61,0,0,43
2022-12-13,2022-12-29,Fengler,61,0,0,0,0,61,0,0,43
2022-12-13,2022-12-22,Fengler,61,0,0,0,0,61,0,0,43
2022-12-29,2023-12-28,Fengler,61,0,0,0,1,59,1,0,43
2022-12-29,2023-03-29,Fengler,61,0,0,0,9,52,0,0,43
2022-12-29,2023-02-23,Fengler,61,0,0,0,5,56,5,0,43
2022-12-29,2023-02-02,Fengler,61,0,0,0,1,60,5,0,43
2022-12-29,2023-01-25,Fengler,61,0,0,0,3,58,0,0,43
2022-12-29,2023-01-19,Fengler,61,0,0,0,0,61,0,0,43
2022-12-29,2023-01-12,Fengler,61,0,0,0,1,60,0,0,43
2022-12-29,2023-01-05,Fengler,61,0,0,0,0,61,0,0,43
2023-01-16,2023-12-28,Fengler,61,0,0,0,5,56,6,0,43
2023-01-16,2023-03-29,Fengler,61,0,0,0,7,54,0,0,43
2023-01-16,2023-02-23,Fengler,61,0,0,0,2,58,2,0,43
2023-01-16,2023-02-09,Fengler,61,0,0,0,4,57,0,0,43
2023-01-16,2023-02-02,Fengler,61,0,0,0,7,54,0,0,43
2023-01-16,2023-01-25,Fengler,61,0,0,0,0,61,0,0,43
2023-02-02,2023-12-28,Fengler,61,0,0,0,0,61,0,0,43
2023-02-02,2023-04-27,Fengler,61,0,0,0,3,58,6,0,43
2023-02-02,2023-03-29,Fengler,61,0,0,0,11,50,0,0,43
2023-02-02,2023-03-02,Fengler,61,0,0,0,4,56,2,0,43
2023-02-02,2023-02-23,Fengler,61,0,0,0,1,60,0,0,43
2023-02-02,2023-02-16,Fengler,61,0,0,0,0,61,0,0,43
2023-02-02,2023-02-09,Fengler,61,0,0,0,0,61,0,0,43
2023-02-20,2023-12-28,Fengler,61,0,0,0,4,57,3,0,43
2023-02-20,2023-04-27,Fengler,61,0,0,0,4,56,2,0,43
2023-02-20,2023-03-29,Fengler,61,0,0,0,0,61,0,0,43
2023-02-20,2023-03-23,Fengler,61,0,0,0,1,59,4,0,43
2023-02-20,2023-03-16,Fengler,61,0,0,0,0,61,0,0,43
2023-02-20,2023-03-09,Fengler,61,0,0,0,1,60,0,0,43
2023-02-20,2023-03-02,Fengler,61,0,0,0,0,61,0,0,43
2023-03-09,2023-12-28,Fengler,61,0,0,0,5,56,0,0,43
2023-03-09,2023-06-29,Fengler,61,0,0,0,5,56,0,0,43
2023-03-09,2023-05-25,Fengler,61,0,0,0,4,57,6,0,43
2023-03-09,2023-04-27,Fengler,61,0,0,0,1,60,0,0,43
2023-03-09,2023-04-06,Fengler,61,0,0,0,6,55,3,0,43
2023-03-09,2023-03-29,Fengler,61,0,0,0,2,59,0,0,43
2023-03-09,2023-03-23,Fengler,61,0,0,0,0,61,0,0,43
2023-03-09,2023-03-16,Fengler,61,0,0,0,2,59,0,0,43
2023-03-27,2023-12-28,Fengler,61,0,0,0,0,61,0,0,43
2023-03-27,2023-06-29,Fengler,61,0,0,0,7,54,0,0,43
2023-03-27,2023-05-25,Fengler,61,0,0,0,0,61,0,0,43
2023-03-27,2023-04-27,Fengler,61,0,0,0,2,59,2,0,43
2023-03-27,2023-04-20,Fengler,61,0,0,0,0,61,1,0,43
2023-03-27,2023-04-13,Fengler,61,0,0,0,0,61,0,0,43
2023-03-27,2023-04-06,Fengler,61,0,0,0,0,61,0,0,43
2023-04-18,2023-12-28,Fengler,61,0,0,0,0,61,0,0,43
2023-04-18,2023-06-29,Fengler,61,0,0,0,5,56,0,0,43
2023-04-18,2023-05-25,Fengler,61,0,0,0,0,61,0,0,43
2023-04-18,2023-05-11,Fengler,61,0,0,0,0,61,0,0,43
2023-04-18,2023-05-04,Fengler,61,0,0,0,0,61,0,0,43
2023-04-18,2023-04-27,Fengler,61,0,0,0,0,61,0,0,43
2023-05-05,2023-12-28,Fengler,61,0,0,0,0,61,1,0,43
2023-05-05,2023-07-27,Fengler,61,0,0,0,3,58,8,0,43
2023-05-05,2023-06-29,Fengler,61,0,0,0,9,52,0,0,43
2023-05-05,2023-06-01,Fengler,61,0,0,0,5,56,1,0,43
2023-05-05,2023-05-25,Fengler,61,0,0,0,3,57,0,0,43
2023-05-05,2023-05-18,Fengler,61,0,0,0,0,61,0,0,43
2023-05-23,2023-12-28,Fengler,61,0,0,0,2,59,0,0,43
2023-05-23,2023-07-27,Fengler,61,0,0,0,6,55,3,0,43
2023-05-23,2023-06-29,Fengler,61,0,0,0,0,61,0,0,43
2023-05-23,2023-06-15,Fengler,61,0,0,0,0,61,0,0,43
2023-05-23,2023-06-08,Fengler,61,0,0,0,0,61,0,0,43
2023-05-23,2023-06-01,Fengler,61,0,0,0,0,61,0,0,43
2023-06-08,2023-12-28,Fengler,61,0,0,0,4,57,2,0,43
2023-06-08,2023-08-31,Fengler,61,0,0,0,5,56,7,0,43
2023-06-08,2023-07-27,Fengler,61,0,0,0,5,56,3,0,43
2023-06-08,2023-07-06,Fengler,61,0,0,0,2,59,5,0,43
2023-06-08,2023-06-29,Fengler,61,0,0,0,0,61,0,0,43
2023-06-08,2023-06-22,Fengler,61,0,0,0,0,61,0,0,43
2023-06-08,2023-06-15,Fengler,61,0,0,0,0,61,0,0,43
2023-06-26,2023-12-28,Fengler,61,0,0,0,0,61,1,0,43
2023-06-26,2023-09-28,Fengler,61,0,0,0,0,61,0,0,43
2023-06-26,2023-08-31,Fengler,61,0,0,0,5,56,5,0,43
2023-06-26,2023-07-27,Fengler,61,0,0,0,0,61,0,0,43
2023-06-26,2023-07-20,Fengler,61,0,0,0,0,61,0,0,43
2023-06-26,2023-07-13,Fengler,61,0,0,0,0,60,0,0,43
2023-06-26,2023-07-06,Fengler,61,0,0,0,8,53,0,0,43
2023-07-13,2023-12-28,Fengler,61,0,0,0,0,61,0,0,43
2023-07-13,2023-09-28,Fengler,61,0,0,0,3,58,0,0,43
2023-07-13,2023-08-31,Fengler,61,0,0,0,5,56,3,0,43
2023-07-13,2023-08-10,Fengler,61,0,0,0,0,61,1,0,43
2023-07-13,2023-08-03,Fengler,61,0,0,0,0,61,0,0,43
2023-07-13,2023-07-27,Fengler,61,0,0,0,2,59,0,0,43
2023-07-13,2023-07-20,Fengler,61,0,0,0,0,61,0,0,43
2023-07-31,2023-12-28,Fengler,61,0,0,0,0,61,0,0,43
2023-07-31,2023-10-26,Fengler,61,0,0,0,3,58,6,0,43
2023-07-31,2023-09-28,Fengler,61,0,0,0,0,61,0,0,43
2023-07-31,2023-08-31,Fengler,61,0,0,0,0,61,0,0,43
2023-07-31,2023-08-24,Fengler,61,0,0,0,0,61,0,0,43
2023-07-31,2023-08-17,Fengler,61,0,0,0,0,61,0,0,43
2023-07-31,2023-08-10,Fengler,61,0,0,0,0,61,0,0,43
2023-08-17,2023-12-28,Fengler,61,0,0,0,0,61,0,0,43
2023-08-17,2023-10-26,Fengler,61,0,0,0,1,59,2,0,43
2023-08-17,2023-09-28,Fengler,61,0,0,0,0,61,0,0,43
2023-08-17,2023-09-14,Fengler,61,0,0,0,0,61,0,0,43
2023-08-17,2023-09-07,Fengler,61,0,0,0,7,53,1,0,43
2023-08-17,2023-08-31,Fengler,61,0,0,0,0,61,0,0,43
2023-08-17,2023-08-24,Fengler,61,0,0,0,0,61,0,0,43
2023-09-04,2023-12-28,Fengler,61,0,0,0,0,61,0,0,43
2023-09-04,2023-11-30,Fengler,61,0,0,0,0,61,9,0,43
2023-09-04,2023-10-26,Fengler,61,0,0,0,0,61,0,0,43
2023-09-04,2023-09-28,Fengler,61,0,0,0,0,61,0,0,43
2023-09-04,2023-09-21,Fengler,61,0,0,0,0,61,0,0,43
2023-09-04,2023-09-14,Fengler,61,0,0,0,0,61,0,0,43
2023-09-21,2023-12-28,Fengler,61,0,0,0,0,61,0,0,43
2023-09-21,2023-11-30,Fengler,61,0,0,0,0,61,0,0,43
2023-09-21,2023-10-26,Fengler,61,0,0,0,1,60,0,0,43
2023-09-21,2023-10-19,Fengler,61,0,0,0,1,60,3,0,43
2023-09-21,2023-10-12,Fengler,61,0,0,0,0,61,0,0,43
2023-09-21,2023-10-05,Fengler,61,0,0,0,0,61,0,0,43
2023-09-21,2023-09-28,Fengler,61,0,0,0,0,61,0,0,43
2023-10-10,2023-12-28,Fengler,61,0,0,0,0,61,0,0,43
2023-10-10,2023-11-30,Fengler,61,0,0,0,0,61,0,0,43
2023-10-10,2023-11-09,Fengler,61,0,0,0,0,61,3,0,43
2023-10-10,2023-11-02,Fengler,61,0,0,0,6,55,0,0,43
2023-10-10,2023-10-26,Fengler,61,0,0,0,3,58,0,0,43
2023-10-10,2023-10-19,Fengler,61,0,0,0,0,61,0,0,43
2023-10-27,2023-12-28,Fengler,61,0,0,0,0,61,0,0,43
2023-10-27,2023-11-30,Fengler,61,0,0,0,3,58,0,0,43
2023-10-27,2023-11-23,Fengler,61,0,0,0,8,53,0,0,43
2023-10-27,2023-11-16,Fengler,61,0,0,0,9,52,0,0,43
2023-10-27,2023-11-09,Fengler,61,0,0,0,8,53,0,0,43
2023-11-16,2024-03-28,Fengler,61,0,0,0,0,61,0,0,43
2023-11-16,2024-01-25,Fengler,61,0,0,0,5,55,3,0,43
2023-11-16,2023-12-28,Fengler,61,0,0,0,0,61,0,0,43
2023-11-16,2023-12-14,Fengler,61,0,0,0,0,61,0,0,43
2023-11-16,2023-12-07,Fengler,61,0,0,0,0,61,0,0,43
2023-11-16,2023-11-30,Fengler,61,0,0,0,0,61,0,0,43
2023-11-16,2023-11-23,Fengler,61,0,0,0,0,61,0,0,43
2023-12-05,2024-03-28,Fengler,61,0,0,0,9,52,0,0,43
2023-12-05,2024-02-29,Fengler,61,0,0,0,1,60,10,2,43
2023-12-05,2024-01-25,Fengler,61,0,0,0,6,55,3,0,43
2023-12-05,2024-01-04,Fengler,61,0,0,0,2,58,2,0,43
2023-12-05,2023-12-28,Fengler,61,0,0,0,0,61,0,0,43
2023-12-05,2023-12-21,Fengler,61,0,0,0,0,61,0,0,43
2023-12-05,2023-12-14,Fengler,61,0,0,0,0,61,0,0,43
2023-12-21,2024-06-27,Fengler,61,0,0,0,3,58,4,0,43
2023-12-21,2024-03-28,Fengler,61,0,0,0,0,61,0,0,43
2023-12-21,2024-02-29,Fengler,61,0,0,0,0,61,3,0,43
2023-12-21,2024-01-25,Fengler,61,0,0,0,4,56,1,0,43
2023-12-21,2024-01-18,Fengler,61,0,0,0,1,60,4,0,43
2023-12-21,2024-01-11,Fengler,61,0,0,0,2,59,4,0,43
2023-12-21,2024-01-04,Fengler,61,0,0,0,0,61,0,0,43
2023-12-21,2023-12-28,Fengler,61,0,0,0,0,61,0,0,43
2024-01-09,2024-12-26,Fengler,61,0,0,0,4,57,9,0,43
2024-01-09,2024-03-28,Fengler,61,0,0,0,2,59,0,0,43
2024-01-09,2024-02-29,Fengler,61,0,0,0,5,56,2,0,43
2024-01-09,2024-02-08,Fengler,61,0,0,0,8,51,6,0,43
2024-01-09,2024-02-01,Fengler,61,0,0,0,5,55,1,0,43
2024-01-09,2024-01-25,Fengler,61,0,0,0,0,61,0,0,43
2024-01-09,2024-01-18,Fengler,61,0,0,0,0,61,0,0,43
2024-01-29,2024-12-26,Fengler,61,0,0,0,13,48,5,0,43
2024-01-29,2024-03-28,Fengler,61,0,0,0,3,58,0,0,43
2024-01-29,2024-02-29,Fengler,61,0,0,0,3,58,0,0,43
2024-01-29,2024-02-22,Fengler,61,0,0,0,6,55,4,0,43
2024-01-29,2024-02-15,Fengler,61,0,0,0,3,58,0,0,43
2024-01-29,2024-02-08,Fengler,61,0,0,0,4,57,0,0,43
2024-02-14,2024-12-26,Fengler,61,0,0,0,12,48,6,1,43
2024-02-14,2024-06-27,Fengler,61,0,0,0,5,56,4,0,43
2024-02-14,2024-04-25,Fengler,61,0,0,0,3,57,10,0,43
2024-02-14,2024-03-28,Fengler,61,0,0,0,3,58,0,0,43
2024-02-14,2024-03-07,Fengler,61,0,0,0,0,61,0,0,43
2024-02-14,2024-02-29,Fengler,61,0,0,0,4,57,0,0,43
2024-02-14,2024-02-22,Fengler,61,0,0,0,0,61,0,0,43
2024-03-01,2024-12-26,Fengler,61,0,0,0,4,57,9,0,43
2024-03-01,2024-06-27,Fengler,61,0,0,0,5,56,4,0,43
2024-03-01,2024-04-25,Fengler,61,0,0,0,5,54,6,0,43
2024-03-01,2024-04-04,Fengler,61,0,0,0,8,52,0,0,43
2024-03-01,2024-03-28,Fengler,61,0,0,0,0,61,0,0,43
2024-03-01,2024-03-21,Fengler,61,0,0,0,7,53,0,0,43
2024-03-01,2024-03-14,Fengler,61,0,0,0,0,61,0,0,43
2024-03-20,2024-12-26,Fengler,61,0,0,0,7,54,2,0,43
2024-03-20,2024-06-27,Fengler,61,0,0,0,9,52,1,1,43
2024-03-20,2024-05-30,Fengler,61,0,0,0,13,47,4,0,43
2024-03-20,2024-04-25,Fengler,61,0,0,0,0,61,0,0,43
2024-03-20,2024-04-18,Fengler,61,0,0,0,4,57,5,0,43
2024-03-20,2024-04-10,Fengler,61,0,0,0,8,53,1,0,43
2024-03-20,2024-04-04,Fengler,61,0,0,0,0,61,0,0,43
2024-03-20,2024-03-28,Fengler,61,0,0,0,0,61,0,0,43
2024-04-09,2024-12-26,Fengler,61,0,0,0,4,57,2,0,43
2024-04-09,2024-06-27,Fengler,61,0,0,0,0,61,0,0,43
2024-04-09,2024-05-30,Fengler,61,0,0,0,6,55,3,0,43
2024-04-09,2024-05-09,Fengler,61,0,0,0,0,61,2,0,43
2024-04-09,2024-05-02,Fengler,61,0,0,0,0,61,0,0,43
2024-04-09,2024-04-25,Fengler,61,0,0,0,0,61,0,0,43
2024-04-09,2024-04-18,Fengler,61,0,0,0,0,61,0,0,43
2024-04-29,2024-12-26,Fengler,61,0,0,0,2,59,2,0,43
2024-04-29,2024-07-25,Fengler,61,0,0,0,0,61,16,0,43
2024-04-29,2024-06-27,Fengler,61,0,0,0,0,61,0,0,43
2024-04-29,2024-05-30,Fengler,61,0,0,0,5,56,1,0,43
2024-04-29,2024-05-23,Fengler,61,0,0,0,4,57,0,0,43
2024-04-29,2024-05-16,Fengler,61,0,0,0,0,61,0,0,43
2024-04-29,2024-05-09,Fengler,61,0,0,0,0,61,0,0,43
2024-05-16,2024-12-26,Fengler,61,0,0,0,0,61,0,0,43
2024-05-16,2024-07-25,Fengler,61,0,0,0,0,61,2,2,43
2024-05-16,2024-06-27,Fengler,61,0,0,0,4,57,0,0,43
2024-05-16,2024-06-06,Fengler,61,0,0,0,4,57,9,0,43
2024-05-16,2024-05-30,Fengler,61,0,0,0,0,61,0,0,43
2024-05-16,2024-05-23,Fengler,61,0,0,0,0,61,0,0,43
2024-06-04,2024-12-26,Fengler,61,0,0,0,3,58,3,0,43
2024-06-04,2024-09-26,Fengler,61,0,0,0,3,57,4,0,43
2024-06-04,2024-08-29,Fengler,61,0,0,0,0,61,9,0,43
2024-06-04,2024-07-25,Fengler,61,0,0,0,5,56,22,9,43
2024-06-04,2024-06-27,Fengler,61,0,0,0,0,61,0,0,43
2024-06-04,2024-06-20,Fengler,61,0,0,0,0,61,14,5,43
2024-06-04,2024-06-13,Fengler,61,0,0,0,2,58,12,6,43
2024-06-21,2024-12-26,Fengler,61,0,0,0,1,60,1,0,43
2024-06-21,2024-09-26,Fengler,61,0,0,0,0,61,0,0,43
2024-06-21,2024-08-29,Fengler,61,0,0,0,3,57,6,0,43
2024-06-21,2024-07-25,Fengler,61,0,0,0,7,54,1,0,43
2024-06-21,2024-07-18,Fengler,61,0,0,0,2,59,0,0,43
2024-06-21,2024-07-11,Fengler,61,0,0,0,2,59,0,0,43
2024-06-21,2024-07-04,Fengler,61,0,0,0,0,61,0,0,43
2024-07-09,2024-12-26,Fengler,61,0,0,0,6,55,3,0,43
2024-07-09,2024-09-26,Fengler,61,0,0,0,2,59,1,0,43
2024-07-09,2024-08-29,Fengler,61,0,0,0,15,46,3,0,43
2024-07-09,2024-08-08,Fengler,61,0,0,0,0,61,3,0,43
2024-07-09,2024-08-01,Fengler,61,0,0,0,5,56,5,0,43
2024-07-09,2024-07-25,Fengler,61,0,0,0,7,54,0,0,43
2024-07-09,2024-07-18,Fengler,61,0,0,0,0,61,0,0,43
2024-07-26,2024-12-26,Fengler,61,0,0,0,5,56,3,0,43
2024-07-26,2024-10-31,Fengler,61,0,0,0,2,59,7,0,43
2024-07-26,2024-09-26,Fengler,61,0,0,0,0,61,0,0,43
2024-07-26,2024-08-29,Fengler,61,0,0,0,5,56,0,0,43
2024-07-26,2024-08-22,Fengler,61,0,0,0,1,59,3,0,43
2024-07-26,2024-08-14,Fengler,61,0,0,0,0,61,0,0,43
2024-07-26,2024-08-08,Fengler,61,0,0,0,0,61,0,0,43
2024-08-13,2024-12-26,Fengler,61,0,0,0,5,56,0,0,43
2024-08-13,2024-10-31,Fengler,61,0,0,0,3,58,16,2,43
2024-08-13,2024-09-26,Fengler,61,0,0,0,0,61,0,0,43
2024-08-13,2024-09-12,Fengler,61,0,0,0,7,53,8,0,43
2024-08-13,2024-09-05,Fengler,61,0,0,0,8,53,1,0,43
2024-08-13,2024-08-29,Fengler,61,0,0,0,0,61,0,0,43
2024-08-13,2024-08-22,Fengler,61,0,0,0,6,55,0,0,43
2024-08-30,2025-03-27,Fengler,61,0,0,0,2,59,3,0,43
2024-08-30,2024-12-26,Fengler,61,0,0,0,2,59,0,0,43
2024-08-30,2024-11-28,Fengler,61,0,0,0,0,61,9,0,43
2024-08-30,2024-10-31,Fengler,61,0,0,0,5,56,4,0,43
2024-08-30,2024-10-03,Fengler,61,0,0,0,1,60,6,0,43
2024-08-30,2024-09-26,Fengler,61,0,0,0,1,60,0,0,43
2024-08-30,2024-09-19,Fengler,61,0,0,0,0,61,0,0,43
2024-08-30,2024-09-12,Fengler,61,0,0,0,0,61,0,0,43
2024-09-17,2025-03-27,Fengler,61,0,0,0,3,58,3,0,43
2024-09-17,2024-12-26,Fengler,61,0,0,0,0,61,0,0,43
2024-09-17,2024-11-28,Fengler,61,0,0,0,0,61,0,0,43
2024-09-17,2024-10-31,Fengler,61,0,0,0,5,56,2,0,43
2024-09-17,2024-10-17,Fengler,61,0,0,0,7,54,7,0,43
2024-09-17,2024-10-10,Fengler,61,0,0,0,0,61,0,0,43
2024-09-17,2024-10-03,Fengler,61,0,0,0,0,61,0,0,43
2024-09-17,2024-09-26,Fengler,61,0,0,0,0,61,0,0,43
2024-10-04,2025-03-27,Fengler,61,0,0,0,0,61,0,0,43
2024-10-04,2024-12-26,Fengler,61,0,0,0,0,61,0,0,43
2024-10-04,2024-11-28,Fengler,61,0,0,0,0,61,3,0,43
2024-10-04,2024-11-07,Fengler,61,0,0,0,4,55,10,2,43
2024-10-04,2024-10-31,Fengler,61,0,0,0,0,61,0,0,43
2024-10-04,2024-10-24,Fengler,61,0,0,0,9,51,3,0,43
2024-10-04,2024-10-17,Fengler,61,0,0,0,9,50,1,0,43
2024-10-22,2025-03-27,Fengler,61,0,0,0,0,61,0,0,43
2024-10-22,2024-12-26,Fengler,61,0,0,0,0,61,0,0,43
2024-10-22,2024-11-28,Fengler,61,0,0,0,0,61,4,0,43
2024-10-22,2024-11-21,Fengler,61,0,0,0,0,61,8,0,43
2024-10-22,2024-11-14,Fengler,61,0,0,0,9,50,5,0,43
2024-10-22,2024-11-07,Fengler,61,0,0,0,3,58,1,0,43
2024-10-22,2024-10-31,Fengler,61,0,0,0,5,56,0,0,43
2024-11-08,2025-03-27,Fengler,61,0,0,0,0,61,0,0,43
2024-11-08,2025-01-30,Fengler,61,0,0,0,0,61,4,0,43
2024-11-08,2024-12-26,Fengler,61,0,0,0,0,61,0,0,43
2024-11-08,2024-12-05,Fengler,61,0,0,0,1,59,5,0,43
2024-11-08,2024-11-28,Fengler,61,0,0,0,5,56,1,0,43
2024-11-08,2024-11-21,Fengler,61,0,0,0,0,61,0,0,43
2024-11-28,2025-06-26,Fengler,61,0,0,0,2,59,3,0,43
2024-11-28,2025-03-27,Fengler,61,0,0,0,4,57,0,0,43
2024-11-28,2025-01-30,Fengler,61,0,0,0,2,58,6,0,43
2024-11-28,2024-12-26,Fengler,61,0,0,0,0,61,0,0,43
2024-11-28,2024-12-19,Fengler,61,0,0,0,4,57,3,0,43
2024-11-28,2024-12-12,Fengler,61,0,0,0,0,61,0,0,43
2024-11-28,2024-12-05,Fengler,61,0,0,0,0,61,0,0,43
2024-12-16,2025-06-26,Fengler,61,0,0,0,4,57,4,0,43
2024-12-16,2025-03-27,Fengler,61,0,0,0,9,52,0,0,43
2024-12-16,2025-02-27,Fengler,61,0,0,0,3,58,11,0,43
2024-12-16,2025-01-30,Fengler,61,0,0,0,5,56,3,0,43
2024-12-16,2025-01-09,Fengler,61,0,0,0,4,56,4,0,43
2024-12-16,2025-01-02,Fengler,61,0,0,0,5,56,0,0,43
2024-12-16,2024-12-26,Fengler,61,0,0,0,0,61,0,0,43
2025-01-02,2025-12-24,Fengler,61,0,0,0,1,59,10,0,43
2025-01-02,2025-06-26,Fengler,61,0,0,0,1,59,1,0,43
2025-01-02,2025-03-27,Fengler,61,0,0,0,0,61,0,0,43
2025-01-02,2025-02-27,Fengler,61,0,0,0,5,56,4,0,43
2025-01-02,2025-01-30,Fengler,61,0,0,0,4,57,0,0,43
2025-01-02,2025-01-23,Fengler,61,0,0,0,4,56,0,0,43
2025-01-02,2025-01-16,Fengler,61,0,0,0,0,61,0,0,43
2025-01-02,2025-01-09,Fengler,61,0,0,0,0,61,0,0,43
2025-01-20,2025-12-24,Fengler,61,0,0,0,2,59,12,0,43
2025-01-20,2025-06-26,Fengler,61,0,0,0,0,60,2,0,43
2025-01-20,2025-03-27,Fengler,61,0,0,0,0,61,0,0,43
2025-01-20,2025-02-27,Fengler,61,0,0,0,0,61,7,0,43
2025-01-20,2025-02-13,Fengler,61,0,0,0,3,58,5,0,43
2025-01-20,2025-02-06,Fengler,61,0,0,0,2,58,1,0,43
2025-01-20,2025-01-30,Fengler,61,0,0,0,2,59,0,0,43
2025-02-05,2025-12-24,Fengler,61,0,0,0,3,58,8,0,43
2025-02-05,2025-06-26,Fengler,61,0,0,0,3,58,0,0,43
2025-02-05,2025-04-24,Fengler,61,0,0,0,2,59,9,0,43
2025-02-05,2025-03-27,Fengler,61,0,0,0,0,61,0,0,43
2025-02-05,2025-03-06,Fengler,61,0,0,0,0,61,0,0,43
2025-02-05,2025-02-27,Fengler,61,0,0,0,5,56,0,0,43
2025-02-05,2025-02-20,Fengler,61,0,0,0,6,55,0,0,43
2025-02-05,2025-02-13,Fengler,61,0,0,0,0,61,0,0,43
2025-02-21,2025-12-24,Fengler,61,0,0,0,0,61,9,0,43
2025-02-21,2025-06-26,Fengler,61,0,0,0,0,61,0,0,43
2025-02-21,2025-04-24,Fengler,61,0,0,0,4,57,5,0,43
2025-02-21,2025-03-27,Fengler,61,0,0,0,0,61,0,0,43
2025-02-21,2025-03-20,Fengler,61,0,0,0,4,57,3,0,43
2025-02-21,2025-03-13,Fengler,61,0,0,0,3,58,0,0,43
2025-02-21,2025-03-06,Fengler,61,0,0,0,0,61,0,0,43
2025-03-12,2025-12-24,Fengler,61,0,0,0,7,54,6,0,43
2025-03-12,2025-06-26,Fengler,61,0,0,0,0,61,0,0,43
2025-03-12,2025-05-29,Fengler,61,0,0,0,4,57,6,0,43
2025-03-12,2025-04-24,Fengler,61,0,0,0,1,60,2,0,43
2025-03-12,2025-04-09,Fengler,61,0,0,0,10,51,5,0,43
2025-03-12,2025-04-03,Fengler,61,0,0,0,0,61,0,0,43
2025-03-12,2025-03-27,Fengler,61,0,0,0,6,55,0,0,43
2025-03-12,2025-03-20,Fengler,61,0,0,0,0,61,0,0,43
2025-04-01,2025-12-24,Fengler,61,0,0,0,3,58,4,0,43
2025-04-01,2025-06-26,Fengler,61,0,0,0,4,57,0,0,43
2025-04-01,2025-05-29,Fengler,61,0,0,0,5,56,2,0,43
2025-04-01,2025-04-30,Fengler,61,0,0,0,0,61,0,0,43
2025-04-01,2025-04-24,Fengler,61,0,0,0,2,59,0,0,43
2025-04-01,2025-04-17,Fengler,61,0,0,0,0,61,0,0,43
2025-04-01,2025-04-09,Fengler,61,0,0,0,0,61,0,0,43
2025-04-22,2025-12-24,Fengler,61,0,0,0,4,57,0,0,43
2025-04-22,2025-09-25,Fengler,61,0,0,0,0,61,0,0,43
2025-04-22,2025-06-26,Fengler,61,0,0,0,0,61,0,0,43
2025-04-22,2025-05-29,Fengler,61,0,0,0,6,55,2,0,43
2025-04-22,2025-05-15,Fengler,61,0,0,0,5,55,1,0,43
2025-04-22,2025-05-08,Fengler,61,0,0,0,5,55,0,0,43
2025-04-22,2025-04-30,Fengler,61,0,0,0,1,60,0,0,43
2025-05-09,2025-12-24,Fengler,61,0,0,0,4,57,1,0,43
2025-05-09,2025-09-25,Fengler,61,0,0,0,0,61,0,0,43
2025-05-09,2025-07-31,Fengler,61,0,0,0,3,58,10,3,43
2025-05-09,2025-06-26,Fengler,61,0,0,0,0,61,0,0,43
2025-05-09,2025-06-05,Fengler,61,0,0,0,1,59,1,0,43
2025-05-09,2025-05-29,Fengler,61,0,0,0,0,61,0,0,43
2025-05-09,2025-05-22,Fengler,61,0,0,0,0,61,0,0,43
2025-05-27,2025-12-24,Fengler,61,0,0,0,4,57,1,0,43
2025-05-27,2025-09-25,Fengler,61,0,0,0,5,56,2,0,43
2025-05-27,2025-07-31,Fengler,61,0,0,0,2,58,6,0,43
2025-05-27,2025-06-26,Fengler,61,0,0,0,0,61,0,0,43
2025-05-27,2025-06-19,Fengler,61,0,0,0,8,53,5,1,43
2025-05-27,2025-06-12,Fengler,61,0,0,0,9,52,4,0,43
2025-05-27,2025-06-05,Fengler,61,0,0,0,0,61,0,0,43
2025-06-12,2025-12-24,Fengler,61,0,0,0,5,56,1,0,43
2025-06-12,2025-09-25,Fengler,61,0,0,0,0,61,0,0,43
2025-06-12,2025-08-28,Fengler,61,0,0,0,1,60,12,2,43
2025-06-12,2025-07-31,Fengler,61,0,0,0,6,55,3,0,43
2025-06-12,2025-07-10,Fengler,61,0,0,0,8,52,4,0,43
2025-06-12,2025-07-03,Fengler,61,0,0,0,4,57,0,0,43
2025-06-12,2025-06-26,Fengler,61,0,0,0,0,61,0,0,43
2025-06-12,2025-06-19,Fengler,61,0,0,0,3,58,0,0,43
2025-06-30,2025-12-24,Fengler,61,0,0,0,5,56,0,0,43
2025-06-30,2025-09-25,Fengler,61,0,0,0,5,56,2,2,43
2025-06-30,2025-08-28,Fengler,61,0,0,0,4,56,4,0,43
2025-06-30,2025-07-31,Fengler,61,0,0,0,6,55,1,0,43
2025-06-30,2025-07-24,Fengler,61,0,0,0,4,57,0,0,43
2025-06-30,2025-07-17,Fengler,61,0,0,0,4,57,0,0,43
2025-06-30,2025-07-10,Fengler,61,0,0,0,0,61,0,0,43
2025-07-16,2025-12-24,Fengler,61,0,0,0,4,57,0,0,43
2025-07-16,2025-09-25,Fengler,61,0,0,0,3,58,0,0,43
2025-07-16,2025-08-28,Fengler,61,0,0,0,3,58,2,0,43
2025-07-16,2025-08-14,Fengler,61,0,0,0,3,56,3,0,43
2025-07-16,2025-08-07,Fengler,61,0,0,0,3,58,0,0,43
2025-07-16,2025-07-31,Fengler,61,0,0,0,0,61,0,0,43
2025-07-16,2025-07-24,Fengler,61,0,0,0,0,61,0,0,43
2025-08-01,2025-12-30,Fengler,61,0,0,0,4,56,0,0,43
2025-08-01,2025-10-28,Fengler,61,0,0,0,2,59,9,0,43
2025-08-01,2025-09-30,Fengler,61,0,0,0,3,58,0,0,43
2025-08-01,2025-09-02,Fengler,61,0,0,0,3,56,5,0,43
2025-08-01,2025-08-28,Fengler,61,0,0,0,2,59,1,0,43
2025-08-01,2025-08-21,Fengler,61,0,0,0,2,59,1,0,43
2025-08-01,2025-08-14,Fengler,61,0,0,0,0,61,0,0,43
2025-08-20,2026-03-31,Fengler,61,0,0,0,2,59,3,0,43
2025-08-20,2025-12-30,Fengler,61,0,0,0,3,58,0,0,43
2025-08-20,2025-10-28,Fengler,61,0,0,0,4,57,5,0,43
2025-08-20,2025-09-30,Fengler,61,0,0,0,0,61,0,0,43
2025-08-20,2025-09-16,Fengler,61,0,0,0,0,61,16,0,43
2025-08-20,2025-09-09,Fengler,61,0,0,0,4,56,0,0,43
2025-08-20,2025-09-02,Fengler,61,0,0,0,3,58,0,0,43
2025-08-20,2025-08-28,Fengler,61,0,0,0,0,61,0,0,43
2025-09-08,2026-03-31,Fengler,61,0,0,0,4,57,1,0,43
2025-09-08,2025-12-30,Fengler,61,0,0,0,4,57,0,0,43
2025-09-08,2025-11-25,Fengler,61,0,0,0,0,61,0,0,43
2025-09-08,2025-10-28,Fengler,61,0,0,0,6,55,4,0,43
2025-09-08,2025-10-07,Fengler,61,0,0,0,0,60,1,0,43
2025-09-08,2025-09-30,Fengler,61,0,0,0,0,61,0,0,43
2025-09-08,2025-09-23,Fengler,61,0,0,0,0,61,0,0,43
2025-09-08,2025-09-16,Fengler,61,0,0,0,0,61,0,0,43
2025-09-24,2026-03-31,Fengler,61,0,0,0,3,58,2,0,43
2025-09-24,2025-12-30,Fengler,61,0,0,0,0,61,0,0,43
2025-09-24,2025-11-25,Fengler,61,0,0,0,5,56,2,0,43
2025-09-24,2025-10-28,Fengler,61,0,0,0,4,56,0,0,43
2025-09-24,2025-10-20,Fengler,61,0,0,0,0,60,0,0,43
2025-09-24,2025-10-14,Fengler,61,0,0,0,4,57,0,0,43
2025-09-24,2025-10-07,Fengler,61,0,0,0,0,61,0,0,43
2025-10-13,2026-03-31,Fengler,61,0,0,0,2,59,0,0,43
2025-10-13,2025-12-30,Fengler,61,0,0,0,0,61,0,0,43
2025-10-13,2025-11-25,Fengler,61,0,0,0,4,57,2,0,43
2025-10-13,2025-11-11,Fengler,61,0,0,0,0,61,0,0,43
2025-10-13,2025-11-04,Fengler,61,0,0,0,5,56,0,0,43
2025-10-13,2025-10-28,Fengler,61,0,0,0,0,61,0,0,43
2025-10-13,2025-10-20,Fengler,61,0,0,0,0,61,0,0,43
2025-10-31,2026-06-30,Fengler,61,0,0,0,4,57,5,0,43
2025-10-31,2026-03-31,Fengler,61,0,0,0,4,57,1,0,43
2025-10-31,2026-01-27,Fengler,61,0,0,0,1,60,9,0,43
2025-10-31,2025-12-30,Fengler,61,0,0,0,0,61,0,0,43
2025-10-31,2025-12-02,Fengler,61,0,0,0,4,56,6,0,43
2025-10-31,2025-11-25,Fengler,61,0,0,0,5,56,0,0,43
2025-10-31,2025-11-18,Fengler,61,0,0,0,0,61,0,0,43
2025-10-31,2025-11-11,Fengler,61,0,0,0,4,57,0,0,43
2025-11-19,2026-06-30,Fengler,61,0,0,0,5,55,3,0,43
2025-11-19,2026-03-31,Fengler,61,0,0,0,5,56,1,0,43
2025-11-19,2026-01-27,Fengler,61,0,0,0,10,51,10,2,43
2025-11-19,2025-12-30,Fengler,61,0,0,0,0,61,0,0,43
2025-11-19,2025-12-23,Fengler,61,0,0,0,5,56,5,0,43
2025-11-19,2025-12-16,Fengler,61,0,0,0,0,61,0,0,43
2025-11-19,2025-12-09,Fengler,61,0,0,0,6,55,0,0,43
2025-11-19,2025-12-02,Fengler,61,0,0,0,0,61,0,0,43
2025-12-05,2026-06-30,Fengler,61,0,0,0,5,56,3,0,43
2025-12-05,2026-03-31,Fengler,61,0,0,0,5,56,0,0,43
2025-12-05,2026-02-24,Fengler,61,0,0,0,4,57,5,0,43
2025-12-05,2026-01-27,Fengler,61,0,0,0,5,55,2,0,43
2025-12-05,2026-01-06,Fengler,61,0,0,0,2,58,1,0,43
2025-12-05,2025-12-30,Fengler,61,0,0,0,0,61,0,0,43
2025-12-05,2025-12-23,Fengler,61,0,0,0,8,53,0,0,43
2025-12-05,2025-12-16,Fengler,61,0,0,0,3,57,0,0,43
2025-12-23,2026-06-30,Fengler,61,0,0,0,4,57,1,0,43
2025-12-23,2026-03-31,Fengler,61,0,0,0,6,55,0,0,43
2025-12-23,2026-02-24,Fengler,61,0,0,0,3,58,3,0,43
2025-12-23,2026-01-27,Fengler,61,0,0,0,0,61,0,0,43
2025-12-23,2026-01-20,Fengler,61,0,0,0,3,58,3,1,43
2025-12-23,2026-01-13,Fengler,61,0,0,0,0,61,0,0,43
2025-12-23,2026-01-06,Fengler,61,0,0,0,0,61,0,0,43
2025-12-23,2025-12-30,Fengler,61,0,0,0,0,61,0,0,43
2026-01-09,2026-12-29,Fengler,61,0,0,0,5,56,2,0,43
2026-01-09,2026-06-30,Fengler,61,0,0,0,6,55,2,0,43
2026-01-09,2026-03-30,Fengler,61,0,0,0,3,58,0,0,43
2026-01-09,2026-02-24,Fengler,61,0,0,0,4,57,4,0,43
2026-01-09,2026-02-10,Fengler,61,0,0,0,3,58,5,0,43
2026-01-09,2026-02-03,Fengler,61,0,0,0,0,61,0,0,43
2026-01-09,2026-01-27,Fengler,61,0,0,0,0,61,0,0,43
2026-01-09,2026-01-20,Fengler,61,0,0,0,0,61,0,0,43
2026-01-29,2026-12-29,Fengler,61,0,0,0,2,59,1,0,43
2026-01-29,2026-06-30,Fengler,61,0,0,0,0,61,0,0,43
2026-01-29,2026-04-28,Fengler,61,0,0,0,0,61,10,3,43
2026-01-29,2026-03-30,Fengler,61,0,0,0,0,61,0,0,43
2026-01-29,2026-03-02,Fengler,61,0,0,0,3,57,2,0,43
2026-01-29,2026-02-24,Fengler,61,0,0,0,0,61,1,1,43
2026-01-29,2026-02-17,Fengler,61,0,0,0,0,61,1,1,43
2026-01-29,2026-02-10,Fengler,61,0,0,0,0,61,0,0,43
