method,moneyness,maturity,n,rmse_volpts,mae_volpts,task,scope
CubicSpline,deep_OTM_put(k<=-0.10),short(<=30d),1678,96.90147928722102,10.856099340721887,B,blind_pooled_17folds
CubicSpline,deep_OTM_put(k<=-0.10),medium(30-90d),1261,103.25101697094125,10.61246206926515,B,blind_pooled_17folds
CubicSpline,deep_OTM_put(k<=-0.10),long(>90d),932,5.168719423596571,0.9422390567841161,B,blind_pooled_17folds
CubicSpline,"OTM_put(-0.10,-0.03]",short(<=30d),7667,10.252420880907364,0.6053358238336891,B,blind_pooled_17folds
CubicSpline,"OTM_put(-0.10,-0.03]",medium(30-90d),3574,6.319551605993791,0.4179308297037948,B,blind_pooled_17folds
CubicSpline,"OTM_put(-0.10,-0.03]",long(>90d),365,0.7530641594784997,0.1946768276871929,B,blind_pooled_17folds
CubicSpline,"ATM(-0.03,0.03]",short(<=30d),10338,0.2568409856642387,0.08285126887717642,B,blind_pooled_17folds
CubicSpline,"ATM(-0.03,0.03]",medium(30-90d),3940,2.4108302895253915,0.14844014161400473,B,blind_pooled_17folds
CubicSpline,"ATM(-0.03,0.03]",long(>90d),27,2.760948985498299,0.7262900296713057,B,blind_pooled_17folds
CubicSpline,"OTM_call(0.03,0.10]",short(<=30d),8537,16.594836182183762,0.6707478262804176,B,blind_pooled_17folds
CubicSpline,"OTM_call(0.03,0.10]",medium(30-90d),3253,1.2759843014106218,0.2702834287129864,B,blind_pooled_17folds
CubicSpline,"OTM_call(0.03,0.10]",long(>90d),368,0.2687214131318104,0.18000104341670503,B,blind_pooled_17folds
CubicSpline,deep_OTM_call(k>0.10),short(<=30d),1098,67.09218282383608,10.105184056478109,B,blind_pooled_17folds
CubicSpline,deep_OTM_call(k>0.10),medium(30-90d),672,1053.3281069637326,62.493017321621856,B,blind_pooled_17folds
CubicSpline,deep_OTM_call(k>0.10),long(>90d),585,2.179133676660499,0.8342046402053845,B,blind_pooled_17folds
SSVI,deep_OTM_put(k<=-0.10),short(<=30d),1678,4.708319983213752,3.1620179279007847,B,blind_pooled_17folds
SSVI,deep_OTM_put(k<=-0.10),medium(30-90d),1261,2.3721237847839185,1.7547866267472516,B,blind_pooled_17folds
SSVI,deep_OTM_put(k<=-0.10),long(>90d),932,1.3971161178079716,0.9764659949876748,B,blind_pooled_17folds
SSVI,"OTM_put(-0.10,-0.03]",short(<=30d),7667,2.998766547887643,2.5096701943309268,B,blind_pooled_17folds
SSVI,"OTM_put(-0.10,-0.03]",medium(30-90d),3574,1.4621904518780802,1.2403238395563183,B,blind_pooled_17folds
SSVI,"OTM_put(-0.10,-0.03]",long(>90d),365,1.0364919279600298,0.8233469540025704,B,blind_pooled_17folds
SSVI,"ATM(-0.03,0.03]",short(<=30d),10338,1.2423431405123606,0.8549936565230474,B,blind_pooled_17folds
SSVI,"ATM(-0.03,0.03]",medium(30-90d),3940,0.5582181099803637,0.37220888490248344,B,blind_pooled_17folds
SSVI,"ATM(-0.03,0.03]",long(>90d),27,1.5678558558371902,1.1571901431223068,B,blind_pooled_17folds
SSVI,"OTM_call(0.03,0.10]",short(<=30d),8537,1.9478611050904169,1.4925943864417777,B,blind_pooled_17folds
SSVI,"OTM_call(0.03,0.10]",medium(30-90d),3253,1.177203174649932,0.9308372008686528,B,blind_pooled_17folds
SSVI,"OTM_call(0.03,0.10]",long(>90d),368,1.6165448616412021,1.3518984159605192,B,blind_pooled_17folds
SSVI,deep_OTM_call(k>0.10),short(<=30d),1098,5.501752889508925,4.199764117509158,B,blind_pooled_17folds
SSVI,deep_OTM_call(k>0.10),medium(30-90d),672,2.349504137933912,1.6294626336144293,B,blind_pooled_17folds
SSVI,deep_OTM_call(k>0.10),long(>90d),585,1.4017114935551334,1.017097846174093,B,blind_pooled_17folds
SVI,deep_OTM_put(k<=-0.10),short(<=30d),1678,6.905259445265597,3.050832919052223,B,blind_pooled_17folds
SVI,deep_OTM_put(k<=-0.10),medium(30-90d),1261,3.4079943171066702,1.457359211342103,B,blind_pooled_17folds
SVI,deep_OTM_put(k<=-0.10),long(>90d),932,0.9558072150335377,0.4577969389226276,B,blind_pooled_17folds
SVI,"OTM_put(-0.10,-0.03]",short(<=30d),7667,1.1712727157373837,0.5942286665928241,B,blind_pooled_17folds
SVI,"OTM_put(-0.10,-0.03]",medium(30-90d),3574,0.5957914266563357,0.3226629669190221,B,blind_pooled_17folds
SVI,"OTM_put(-0.10,-0.03]",long(>90d),365,0.46286328337343496,0.35082233875708335,B,blind_pooled_17folds
SVI,"ATM(-0.03,0.03]",short(<=30d),10338,2.343521274469507,1.0107011949552565,B,blind_pooled_17folds
SVI,"ATM(-0.03,0.03]",medium(30-90d),3940,1.0670507822487134,0.5242911963293351,B,blind_pooled_17folds
SVI,"ATM(-0.03,0.03]",long(>90d),27,0.7163059618535905,0.44011523429416505,B,blind_pooled_17folds
SVI,"OTM_call(0.03,0.10]",short(<=30d),8537,2.2014434457038368,1.155618188565079,B,blind_pooled_17folds
SVI,"OTM_call(0.03,0.10]",medium(30-90d),3253,1.5165807078986793,0.7896078136439738,B,blind_pooled_17folds
SVI,"OTM_call(0.03,0.10]",long(>90d),368,0.5067237951837196,0.3498293987522683,B,blind_pooled_17folds
SVI,deep_OTM_call(k>0.10),short(<=30d),1098,3.17988436228161,1.715990482399052,B,blind_pooled_17folds
SVI,deep_OTM_call(k>0.10),medium(30-90d),672,1.8391439282176025,1.143164751444521,B,blind_pooled_17folds
SVI,deep_OTM_call(k>0.10),long(>90d),585,1.1288399925487702,0.5864068341153406,B,blind_pooled_17folds
ThinPlate,deep_OTM_put(k<=-0.10),short(<=30d),1678,1.8597208422231346,0.675803639474679,B,blind_pooled_17folds
ThinPlate,deep_OTM_put(k<=-0.10),medium(30-90d),1261,1.1306761026163858,0.4552199624774634,B,blind_pooled_17folds
ThinPlate,deep_OTM_put(k<=-0.10),long(>90d),932,0.9793744240749599,0.39474827855950845,B,blind_pooled_17folds
ThinPlate,"OTM_put(-0.10,-0.03]",short(<=30d),7667,0.35302263322450245,0.11365829723070008,B,blind_pooled_17folds
ThinPlate,"OTM_put(-0.10,-0.03]",medium(30-90d),3574,0.2032818394114881,0.08140044123790177,B,blind_pooled_17folds
ThinPlate,"OTM_put(-0.10,-0.03]",long(>90d),365,0.28142555145215653,0.17049663707150217,B,blind_pooled_17folds
ThinPlate,"ATM(-0.03,0.03]",short(<=30d),10338,0.19035030367365627,0.06999490798274534,B,blind_pooled_17folds
ThinPlate,"ATM(-0.03,0.03]",medium(30-90d),3940,0.30036432130118945,0.09556186033932633,B,blind_pooled_17folds
ThinPlate,"ATM(-0.03,0.03]",long(>90d),27,1.5328119397585982,0.4535471190899437,B,blind_pooled_17folds
ThinPlate,"OTM_call(0.03,0.10]",short(<=30d),8537,0.6122787139542265,0.17328621850453005,B,blind_pooled_17folds
ThinPlate,"OTM_call(0.03,0.10]",medium(30-90d),3253,0.4246646678505996,0.13098553707351293,B,blind_pooled_17folds
ThinPlate,"OTM_call(0.03,0.10]",long(>90d),368,0.2927139782501149,0.1836027865833436,B,blind_pooled_17folds
ThinPlate,deep_OTM_call(k>0.10),short(<=30d),1098,1.7945912692755934,0.8363699921334679,B,blind_pooled_17folds
ThinPlate,deep_OTM_call(k>0.10),medium(30-90d),672,1.1691671561410482,0.5541617991823777,B,blind_pooled_17folds
ThinPlate,deep_OTM_call(k>0.10),long(>90d),585,0.9747331203917321,0.47518796370843003,B,blind_pooled_17folds
CubicSpline,deep_OTM_put(k<=-0.10),short(<=30d),46,70.3156822532195,13.518815152112566,B,fold16_contaminated
CubicSpline,deep_OTM_put(k<=-0.10),medium(30-90d),51,22.941708060995655,6.589489866820229,B,fold16_contaminated
CubicSpline,deep_OTM_put(k<=-0.10),long(>90d),83,1.163120789983798,0.4452107498038752,B,fold16_contaminated
CubicSpline,"OTM_put(-0.10,-0.03]",short(<=30d),493,10.299527317834674,0.9239974652386376,B,fold16_contaminated
CubicSpline,"OTM_put(-0.10,-0.03]",medium(30-90d),307,7.104334138421363,0.8241579222935866,B,fold16_contaminated
CubicSpline,"OTM_put(-0.10,-0.03]",long(>90d),30,0.08559867953234644,0.06332626521332185,B,fold16_contaminated
CubicSpline,"ATM(-0.03,0.03]",short(<=30d),847,0.11993030271935828,0.04446727188147076,B,fold16_contaminated
CubicSpline,"ATM(-0.03,0.03]",medium(30-90d),394,0.4545862000068282,0.07317659084063646,B,fold16_contaminated
CubicSpline,"OTM_call(0.03,0.10]",short(<=30d),498,1.9756050333229338,0.37191728306930943,B,fold16_contaminated
CubicSpline,"OTM_call(0.03,0.10]",medium(30-90d),163,2.0808331838495184,0.3929713111996231,B,fold16_contaminated
CubicSpline,"OTM_call(0.03,0.10]",long(>90d),39,0.23488467481630765,0.1442059714599794,B,fold16_contaminated
CubicSpline,deep_OTM_call(k>0.10),short(<=30d),11,234.75994076615223,124.23446906608275,B,fold16_contaminated
CubicSpline,deep_OTM_call(k>0.10),medium(30-90d),19,69.91352696323725,18.30013326410425,B,fold16_contaminated
CubicSpline,deep_OTM_call(k>0.10),long(>90d),23,0.5504105506409347,0.3668072470578119,B,fold16_contaminated
SSVI,deep_OTM_put(k<=-0.10),short(<=30d),46,5.288036250165659,3.208150494405659,B,fold16_contaminated
SSVI,deep_OTM_put(k<=-0.10),medium(30-90d),51,4.163753898074682,3.1100509214999303,B,fold16_contaminated
SSVI,deep_OTM_put(k<=-0.10),long(>90d),83,1.8289074741611286,1.2564746972002359,B,fold16_contaminated
SSVI,"OTM_put(-0.10,-0.03]",short(<=30d),493,3.3316552801042074,3.0086318986737046,B,fold16_contaminated
SSVI,"OTM_put(-0.10,-0.03]",medium(30-90d),307,2.0573933087346115,1.8976684591419244,B,fold16_contaminated
SSVI,"OTM_put(-0.10,-0.03]",long(>90d),30,0.8764502003844813,0.5878652970242154,B,fold16_contaminated
SSVI,"ATM(-0.03,0.03]",short(<=30d),847,1.5349996144532556,1.1167721419142436,B,fold16_contaminated
SSVI,"ATM(-0.03,0.03]",medium(30-90d),394,0.5547012992298181,0.4002805692383748,B,fold16_contaminated
SSVI,"OTM_call(0.03,0.10]",short(<=30d),498,1.7208260055986029,1.478918644810114,B,fold16_contaminated
SSVI,"OTM_call(0.03,0.10]",medium(30-90d),163,0.9769294942805734,0.8347336752314499,B,fold16_contaminated
SSVI,"OTM_call(0.03,0.10]",long(>90d),39,1.0437786317387456,0.882631789151983,B,fold16_contaminated
SSVI,deep_OTM_call(k>0.10),short(<=30d),11,5.396073816822244,4.716291346268829,B,fold16_contaminated
SSVI,deep_OTM_call(k>0.10),medium(30-90d),19,1.4241131525508244,1.155863855516737,B,fold16_contaminated
SSVI,deep_OTM_call(k>0.10),long(>90d),23,0.606689702917774,0.5187965778984918,B,fold16_contaminated
SVI,deep_OTM_put(k<=-0.10),short(<=30d),46,4.22478737127385,1.5072547987120875,B,fold16_contaminated
SVI,deep_OTM_put(k<=-0.10),medium(30-90d),51,4.540422522722011,1.940356210926101,B,fold16_contaminated
SVI,deep_OTM_put(k<=-0.10),long(>90d),83,1.2381404177443067,0.41568357574101195,B,fold16_contaminated
SVI,"OTM_put(-0.10,-0.03]",short(<=30d),493,0.7051409508735407,0.2885669986098451,B,fold16_contaminated
SVI,"OTM_put(-0.10,-0.03]",medium(30-90d),307,0.6528082328682069,0.3124508567950138,B,fold16_contaminated
SVI,"OTM_put(-0.10,-0.03]",long(>90d),30,0.29258032719329075,0.22806222141525898,B,fold16_contaminated
SVI,"ATM(-0.03,0.03]",short(<=30d),847,2.074958558558674,0.602478494992,B,fold16_contaminated
SVI,"ATM(-0.03,0.03]",medium(30-90d),394,1.31454220422504,0.5236100326247203,B,fold16_contaminated
SVI,"OTM_call(0.03,0.10]",short(<=30d),498,1.537853333798336,0.5837054352741416,B,fold16_contaminated
SVI,"OTM_call(0.03,0.10]",medium(30-90d),163,1.4243476241560136,0.5846273621506447,B,fold16_contaminated
SVI,"OTM_call(0.03,0.10]",long(>90d),39,0.33566747339425973,0.2704136109363313,B,fold16_contaminated
SVI,deep_OTM_call(k>0.10),short(<=30d),11,2.68427391060811,1.5658421600060337,B,fold16_contaminated
SVI,deep_OTM_call(k>0.10),medium(30-90d),19,2.2704469447185414,1.671388879538209,B,fold16_contaminated
SVI,deep_OTM_call(k>0.10),long(>90d),23,0.6152258680338756,0.48382892115902865,B,fold16_contaminated
ThinPlate,deep_OTM_put(k<=-0.10),short(<=30d),46,3.6160914309470455,1.155597554985772,B,fold16_contaminated
ThinPlate,deep_OTM_put(k<=-0.10),medium(30-90d),51,1.7937492165782887,0.8446441669816295,B,fold16_contaminated
ThinPlate,deep_OTM_put(k<=-0.10),long(>90d),83,1.2864186495212093,0.4471197965815316,B,fold16_contaminated
ThinPlate,"OTM_put(-0.10,-0.03]",short(<=30d),493,0.2473282280650225,0.08417140575328953,B,fold16_contaminated
ThinPlate,"OTM_put(-0.10,-0.03]",medium(30-90d),307,0.22810411416088075,0.07238116196770333,B,fold16_contaminated
ThinPlate,"OTM_put(-0.10,-0.03]",long(>90d),30,0.08981303265747745,0.07196267048263426,B,fold16_contaminated
ThinPlate,"ATM(-0.03,0.03]",short(<=30d),847,0.09196924393220583,0.03735097006401428,B,fold16_contaminated
ThinPlate,"ATM(-0.03,0.03]",medium(30-90d),394,0.08865567796337438,0.04638416228851996,B,fold16_contaminated
ThinPlate,"OTM_call(0.03,0.10]",short(<=30d),498,0.3917088183899044,0.1305475730460987,B,fold16_contaminated
ThinPlate,"OTM_call(0.03,0.10]",medium(30-90d),163,0.10905307890000444,0.06529675513192383,B,fold16_contaminated
ThinPlate,"OTM_call(0.03,0.10]",long(>90d),39,0.3026624065834893,0.18094288444953954,B,fold16_contaminated
ThinPlate,deep_OTM_call(k>0.10),short(<=30d),11,2.5819544557054637,1.8773268637588691,B,fold16_contaminated
ThinPlate,deep_OTM_call(k>0.10),medium(30-90d),19,1.0695977208202172,0.7231356351618835,B,fold16_contaminated
ThinPlate,deep_OTM_call(k>0.10),long(>90d),23,0.4399873269374332,0.34118755669818773,B,fold16_contaminated
CubicSpline,deep_OTM_put(k<=-0.10),short(<=30d),2640,118.88446910326894,12.364535640894237,A,fold17_representative
CubicSpline,deep_OTM_put(k<=-0.10),medium(30-90d),1835,86.79739880732518,8.723050764567315,A,fold17_representative
CubicSpline,deep_OTM_put(k<=-0.10),long(>90d),1147,4.990231425821322,1.0728509300574458,A,fold17_representative
CubicSpline,"OTM_put(-0.10,-0.03]",short(<=30d),9214,9.388037475501227,0.5515514245478413,A,fold17_representative
CubicSpline,"OTM_put(-0.10,-0.03]",medium(30-90d),4196,5.757182208432128,0.36049277086662135,A,fold17_representative
CubicSpline,"OTM_put(-0.10,-0.03]",long(>90d),445,1.8895348190314525,0.3353629254250371,A,fold17_representative
CubicSpline,"ATM(-0.03,0.03]",short(<=30d),12131,0.24322060195574763,0.08621605047578458,A,fold17_representative
CubicSpline,"ATM(-0.03,0.03]",medium(30-90d),4503,2.256617121300276,0.14479364632858663,A,fold17_representative
CubicSpline,"ATM(-0.03,0.03]",long(>90d),33,2.5874219349144068,0.7777112648697889,A,fold17_representative
CubicSpline,"OTM_call(0.03,0.10]",short(<=30d),10006,15.389760947552256,0.6592645947412691,A,fold17_representative
CubicSpline,"OTM_call(0.03,0.10]",medium(30-90d),3862,1.668537547935842,0.3096903235734226,A,fold17_representative
CubicSpline,"OTM_call(0.03,0.10]",long(>90d),466,0.617978418232553,0.24942775472869666,A,fold17_representative
CubicSpline,deep_OTM_call(k>0.10),short(<=30d),1526,57.18451890394241,8.084813773837693,A,fold17_representative
CubicSpline,deep_OTM_call(k>0.10),medium(30-90d),913,903.6934565331767,46.769457780519744,A,fold17_representative
CubicSpline,deep_OTM_call(k>0.10),long(>90d),708,2.454663656723788,0.9256055684660691,A,fold17_representative
SSVI,deep_OTM_put(k<=-0.10),short(<=30d),2640,5.109809278294037,3.3467847333688026,A,fold17_representative
SSVI,deep_OTM_put(k<=-0.10),medium(30-90d),1835,2.486281576938244,1.8754885024716268,A,fold17_representative
SSVI,deep_OTM_put(k<=-0.10),long(>90d),1147,1.450998575505736,1.0191868391182937,A,fold17_representative
SSVI,"OTM_put(-0.10,-0.03]",short(<=30d),9214,3.0708043583421283,2.557378164979838,A,fold17_representative
SSVI,"OTM_put(-0.10,-0.03]",medium(30-90d),4196,1.4832310883328124,1.249131906551796,A,fold17_representative
SSVI,"OTM_put(-0.10,-0.03]",long(>90d),445,1.8011463727150359,0.9808851446366221,A,fold17_representative
SSVI,"ATM(-0.03,0.03]",short(<=30d),12131,1.2721969333026126,0.879261973251597,A,fold17_representative
SSVI,"ATM(-0.03,0.03]",medium(30-90d),4503,0.5687057949232429,0.3878667762275926,A,fold17_representative
SSVI,"ATM(-0.03,0.03]",long(>90d),33,2.12154833382753,1.4892243234322986,A,fold17_representative
SSVI,"OTM_call(0.03,0.10]",short(<=30d),10006,2.084993956597748,1.5703421128975865,A,fold17_representative
SSVI,"OTM_call(0.03,0.10]",medium(30-90d),3862,1.2557277274488023,0.9595393611262635,A,fold17_representative
SSVI,"OTM_call(0.03,0.10]",long(>90d),466,1.7040350125149892,1.410991751637819,A,fold17_representative
SSVI,deep_OTM_call(k>0.10),short(<=30d),1526,6.127365825034753,4.6159978136854445,A,fold17_representative
SSVI,deep_OTM_call(k>0.10),medium(30-90d),913,3.010297035413817,1.8003605537259872,A,fold17_representative
SSVI,deep_OTM_call(k>0.10),long(>90d),708,1.9586067727642522,1.2151933469003124,A,fold17_representative
SVI,deep_OTM_put(k<=-0.10),short(<=30d),2640,7.634410686010801,3.4763915841580526,A,fold17_representative
SVI,deep_OTM_put(k<=-0.10),medium(30-90d),1835,3.47464700148522,1.4911818686883869,A,fold17_representative
SVI,deep_OTM_put(k<=-0.10),long(>90d),1147,0.9898805745637566,0.5017271498837985,A,fold17_representative
SVI,"OTM_put(-0.10,-0.03]",short(<=30d),9214,1.3550563745885773,0.6787564405588544,A,fold17_representative
SVI,"OTM_put(-0.10,-0.03]",medium(30-90d),4196,0.6274178171460245,0.34976241391406676,A,fold17_representative
SVI,"OTM_put(-0.10,-0.03]",long(>90d),445,0.6288809548378494,0.4307999880232641,A,fold17_representative
SVI,"ATM(-0.03,0.03]",short(<=30d),12131,2.6271947325851963,1.1495943599293164,A,fold17_representative
SVI,"ATM(-0.03,0.03]",medium(30-90d),4503,1.1494471356703133,0.5690170019325629,A,fold17_representative
SVI,"ATM(-0.03,0.03]",long(>90d),33,1.0153703807900076,0.6311655809914869,A,fold17_representative
SVI,"OTM_call(0.03,0.10]",short(<=30d),10006,2.700418125559764,1.3935710771049565,A,fold17_representative
SVI,"OTM_call(0.03,0.10]",medium(30-90d),3862,1.5704576355226505,0.8220275257765661,A,fold17_representative
SVI,"OTM_call(0.03,0.10]",long(>90d),466,1.2892953913870624,0.4334519705537416,A,fold17_representative
SVI,deep_OTM_call(k>0.10),short(<=30d),1526,3.0824751983734413,1.7443275095010196,A,fold17_representative
SVI,deep_OTM_call(k>0.10),medium(30-90d),913,1.8473823388217128,1.121721444299234,A,fold17_representative
SVI,deep_OTM_call(k>0.10),long(>90d),708,1.6202632197266071,0.6831168220047794,A,fold17_representative
ThinPlate,deep_OTM_put(k<=-0.10),short(<=30d),2640,2.131530563351744,0.8225581998842465,A,fold17_representative
ThinPlate,deep_OTM_put(k<=-0.10),medium(30-90d),1832,1.4281032791434574,0.5602469486976381,A,fold17_representative
ThinPlate,deep_OTM_put(k<=-0.10),long(>90d),1147,0.9736157675892088,0.42267636041056617,A,fold17_representative
ThinPlate,"OTM_put(-0.10,-0.03]",short(<=30d),9214,0.34443646384521154,0.1160959796431258,A,fold17_representative
ThinPlate,"OTM_put(-0.10,-0.03]",medium(30-90d),4194,0.23697694260097008,0.08775458874036046,A,fold17_representative
ThinPlate,"OTM_put(-0.10,-0.03]",long(>90d),445,1.6998038667280861,0.30820842457619224,A,fold17_representative
ThinPlate,"ATM(-0.03,0.03]",short(<=30d),12131,0.18292161193599513,0.07342123377332535,A,fold17_representative
ThinPlate,"ATM(-0.03,0.03]",medium(30-90d),4503,0.2907744498169949,0.09730446070893135,A,fold17_representative
ThinPlate,"ATM(-0.03,0.03]",long(>90d),33,1.4889196688241866,0.5083586298684762,A,fold17_representative
ThinPlate,"OTM_call(0.03,0.10]",short(<=30d),10006,0.585580623532762,0.17376720328140505,A,fold17_representative
ThinPlate,"OTM_call(0.03,0.10]",medium(30-90d),3862,0.41033473046138186,0.13454740948858485,A,fold17_representative
ThinPlate,"OTM_call(0.03,0.10]",long(>90d),466,0.4560511355237162,0.22403069640052495,A,fold17_representative
ThinPlate,deep_OTM_call(k>0.10),short(<=30d),1526,1.7701112474043872,0.8688666297377641,A,fold17_representative
ThinPlate,deep_OTM_call(k>0.10),medium(30-90d),910,1.1858445870170036,0.5808600925456084,A,fold17_representative
ThinPlate,deep_OTM_call(k>0.10),long(>90d),708,1.563332664209029,0.5971730695931847,A,fold17_representative
